id,title,current_period_id,proposed_period_id,status,note
San-giroamo-nello-studio,San Gerolamo nello studio,quattrocento,,incerto,"Antonello da Messina, 'San Gerolamo nello studio' (Londra, National Gallery, 1475): la critica è divisa fra un'esecuzione nel periodo siciliano dell'artista e il soggiorno veneziano (1475-76); si segnala l'incertezza fra il nuovo gruppo 'Antonello da Messina in Sicilia' e la scuola 'Quattrocento veneziano'."
abbazia-di-westminster,Chiesa abbaziale di Westminster,decorated-english-gothic,,incerto,"Westminster Abbey (dal 1245) è opera di transizione: per datazione ricadrebbe in early-english-gothic (1174-1280), ma introduce il tracciato a barre di origine francese che la storiografia associa già al decorated-english-gothic; collocazione non univoca."
affreschi-san-pietro-valle-ferentillo,Affreschi dell'abbazia di San Pietro in Valle a Ferentillo,romanico-italiano,,incerto,Datazione (VIII-IX secolo) a cavallo tra il ducato longobardo di Spoleto e l'eta' carolingia; l'attuale collocazione 'romanico-italiano' e' cronologicamente errata (Romanico inizia nel 950). Ambiguo tra le due correnti dell'Alto Medioevo.
basilica-sant-andrea-vercelli,Basilica di Sant'Andrea a Vercelli,gotico-italiano,,incerto,"Basilica di Vercelli (1219-1227) fortemente influenzata dal gotico cistercense-borgognone per volere del cardinale Guala Bicchieri, ma non e' un edificio dell'ordine cistercense; ambiguo tra la corrente generica Gotico italiano e Gotico cistercense."
cappella-niccolina,Storie di santo Stefano e san Lorenzo (Cappella Niccolina),quattrocento,,incerto,"Beato Angelico ha eseguito il ciclo in loco in Vaticano per il papa: ambiguo se classificarlo per bottega di provenienza (umanesimo-fiorentino) o lasciarlo nel contenitore generico, poiche non esiste una scuola romana del Quattrocento nell'albero."
monumento-funebre-ilaria-del-carretto-jacopo,Monumento funebre di Ilaria del Carretto,tardogotico,,incerto,"Jacopo della Quercia a Lucca (1406-1407): opera di transizione discussa in storiografia sia come tardogotico sia come primo rinascimento (sarcofago classicheggiante), collocazione non univoca fra le due correnti."
pala-di-san-zeno-polittico-di-san-zeno,Pala di San Zeno (Polittico di San Zeno),,rinascimento-veneto,incerto,"Mantegna, pala per la basilica di San Zeno a Verona (1456-1459), eseguita prima del trasferimento a Mantova (1460): la scuola più aderente per città/data sarebbe 'rinascimento-veronese' (1450-1500, Verona), ma tale scuola non è confermata come nodo distinto stabile nell'albero rispetto a 'rinascimento-veneto' (1450-1530, generico Veneto); si segnala l'incertezza fra le due opzioni."
palazzo-detto-di-teodorico-ravenna,Esterno del palazzo detto di Teodorico,regno-ostrogoto,,incerto,"Struttura ricostruita nel VII-VIII sec., quindi cronologicamente incompatibile con Regno ostrogoto (493-553, gia concluso); l'attribuzione oscilla tra l'Esarcato bizantino di Ravenna (fino al 751) e la successiva dominazione longobarda (751-756), entrambe ugualmente plausibili con i soli dati disponibili."
pianta-abbazia-westminster,Pianta del complesso della chiesa abbaziale di Westminster,decorated-english-gothic,,incerto,Stessa ambiguità di abbazia-di-westminster: opera di transizione fra early-english-gothic e decorated-english-gothic.
ritratto-di-luca-pacioli,Ritratto di Luca Pacioli e giovane ignoto (forse Guidobaldo da Montefeltro),quattrocento,,incerto,"Attribuito a Jacopo de' Barbari (1495 circa); luogo di esecuzione e identità del secondo personaggio (forse Guidobaldo da Montefeltro, duca di Urbino) restano dibattuti in letteratura. Potrebbe collocarsi presso la corte di Urbino (scuola proposta 'corte-montefeltresca-urbino' nel batch_08, sebbene con estensione della datazione oltre il 1482) oppure restare a livello di corrente generica."
ritratto-virile,Ritratto virile,quattrocento,,incerto,"Antonello da Messina, ritratto virile (Londra, National Gallery), databile al 1475 circa (il year_start della scheda diverge dal date_text '1465'): la critica è divisa fra un'esecuzione siciliana e una veneziana (soggiorno a Venezia 1475-76); si segnala l'incertezza fra il nuovo gruppo 'Antonello da Messina in Sicilia' (proposto in questo lotto) e la scuola 'Quattrocento veneziano'."
santanna-madonna-bambino-giovannino-cartone,"Sant'Anna, la Madonna con il Bambino e san Giovannino (cartone)",rinascimento-maturo,,incerto,"Il celebre 'cartone Burlington House' (1499-1500 circa) è datato al momento di transizione tra il soggiorno milanese di Leonardo (corte sforzesca, fino a fine 1499) e il ritorno a Firenze: la letteratura non è concorde sul luogo esatto di esecuzione."
Immacolata-concezione-crivelli,Immacolata Concezione,rinascimento-maturo,rinascimento-maturo-italia-settentrionale,assegnato,"Carlo Crivelli, Immacolata Concezione (1492): pittore attivo nelle Marche, regione esplicitamente inclusa nella scuola 'Rinascimento maturo nell'Italia settentrionale' (1490-1550): rientra in questa scuola più specifica della corrente generica."
abbazia-fontenay-borgogna,Abbazia di Fontenay,romanico,cistercense,assegnato,"Abbazia di Fontenay (Borgogna), fondazione cistercense corrispondente alla voce gemella già presente nel lotto (chiesa-abbaziale-fontenay, già in cistercense); il campo città 'Firenze' appare un refuso."
addizione-borsiana,Addizione Borsiana,,scuola-ferrarese,assegnato,Ampliamento urbanistico di Ferrara voluto da Borso d'Este (1450-1471): rientra nella 'Scuola ferrarese'.
addizione-erculea,Addizione Erculea,,scuola-ferrarese,assegnato,"Grande ampliamento urbanistico di Ferrara voluto da Ercole I d'Este (Biagio Rossetti, dal 1492): rientra nella 'Scuola ferrarese', pur proseguendo il cantiere oltre il 1500."
adorazione-dei-magi,Adorazione dei Magi,,scuola-ferrarese,assegnato,"Cosme Tura, pittore di corte a Ferrara: rientra nella 'Scuola ferrarese' (Cambridge è la sede museale attuale)."
adorazione-dei-magi-cesare-da-sesto,Adorazione dei Magi,rinascimento-maturo-italia-settentrionale,rinascimento-maturo,assegnato,"Cesare da Sesto, opera eseguita a Napoli (1514-1520): la Campania non rientra fra le regioni della scuola 'rinascimento-maturo-italia-settentrionale' (Veneto, Lombardia, Emilia-Romagna, Marche), nonostante la formazione lombarda dell'autore; si corregge risalendo alla corrente generica per evitare una forzatura regionale."
adorazione-dei-magi-lorenzo-monaco,Adorazione dei Magi,tardogotico,gotico-cortese,assegnato,"Lorenzo Monaco a Firenze (1422), pittore di stile gotico internazionale elegante e cortese: rientra nella corrente Gotico cortese, più specifica del generico Tardogotico."
adorazione-dei-pastori-allendale-giorgione,Adorazione dei pastori (Adorazione Allendale),rinascimento-maturo-italia-settentrionale,scuola-veneziana,assegnato,"Giorgione, opera veneziana (1505-1510; 'Washington D.C.' e' la sede museale attuale): rientra nella scuola veneziana."
adorazione-del-bambino-bramantino,Adorazione del Bambino,rinascimento-maturo-italia-settentrionale,sforzesco,assegnato,"Bramantino attivo a Milano presso la corte sforzesca (1483-1485); la corrente 'rinascimento maturo' (dal 1490) non copre cronologicamente l'opera, mentre 'sforzesco' (1450-1535, Milano/Lombardia) è coerente."
adorazione-nella-foresta-lippi,Adorazione nella foresta (Adorazione del Bambino con Dio Padre e lo Spirito Santo alla presenza di san Giovanni Battista bambino e san Bernardino),quattrocento,rinascimento-fiorentino,assegnato,"Filippo Lippi, pittore fiorentino; 'Berlino' e' la sede museale attuale (Gemaldegalerie)."
affreschi-basilica-inferiore-san-clemente,Affreschi della basilica inferiore di San Clemente al Laterano,romanico-italiano,pittura-romanica-italiana,assegnato,"Affreschi romani (fine XI sec.): rientrano nella scuola Pittura romanica italiana (Lazio compreso, 1000-1250)."
affreschi-beno-rapiza-san-clemente,Affreschi di Beno e Maria de Rapiza (San Clemente),romanico-italiano,pittura-romanica-italiana,assegnato,"Ciclo pittorico romanico a Roma (San Clemente, 1080-1100 ca.): rientra pienamente nella scuola Pittura romanica italiana (Lazio incluso tra le regioni)."
affreschi-della-cappella-garganelli,Affreschi della cappella Garganelli,,scuola-ferrarese,assegnato,"Ercole de' Roberti, pittore di formazione e carriera ferrarese: pur eseguito a Bologna per la famiglia Garganelli (1487-1490), l'opera rientra nella 'Scuola ferrarese' cui l'artista appartiene stabilmente (fu poi pittore di corte estense dal 1486)."
affreschi-fondaco-dei-tedeschi-giorgione,Affreschi del Fondaco dei Tedeschi (Nuda),rinascimento-maturo-italia-settentrionale,scuola-veneziana,assegnato,"Giorgione a Venezia, Fondaco dei Tedeschi (1508): rientra nella scuola veneziana."
affreschi-fondaco-dei-tedeschi-tiziano,Affreschi del Fondaco dei Tedeschi (Giuditta),rinascimento-maturo-italia-settentrionale,scuola-veneziana,assegnato,"Tiziano a Venezia, Fondaco dei Tedeschi (1508-1509): rientra nella scuola veneziana."
affreschi-oratorio-suardi-lotto,Affreschi dell'oratorio Suardi,rinascimento-maturo-italia-settentrionale,scuola-veneziana,assegnato,"Lorenzo Lotto, oratorio Suardi a Trescore Balneario: pittore di formazione e classificazione veneziana (pur itinerante), riferito alla scuola veneziana."
affreschi-san-vincenzo-galliano,Affreschi della chiesa di San Vincenzo a Galliano,romanico-italiano,pittura-romanica-italiana,assegnato,"Ciclo pittorico di Galliano (Lombardia, dopo il 1018): rientra nella scuola Pittura romanica italiana (1000-1250, Italia settentrionale), piu specifica della sola corrente."
affreschi-sant-angelo-formis,Giudizio Universale e ciclo pittorico della chiesa di Sant'Angelo in Formis,romanico-italiano,pittura-romanica-italiana,assegnato,"Ciclo pittorico campano (1072-1086): rientra nella scuola Pittura romanica italiana (Campania compresa, 1000-1250)."
allegoria-sacra,Allegoria sacra,quattrocento,quattrocento-veneziano,assegnato,"Giovanni Bellini, pittore veneziano: rientra nella scuola 'Quattrocento veneziano' (Firenze è solo la sede museale attuale, Uffizi)."
altare-del-santo-padova,Altare del Santo (Altare maggiore della basilica di Sant'Antonio),quattrocento,rinascimento-padano,assegnato,"Donatello, Altare del Santo, Padova: scuola esistente 'Rinascimento padano' compatibile per luogo e data."
ambone-moscufo-nicodemo,Ambone,romanico,romanico-italiano,assegnato,"Opera italiana (Moscufo, Abruzzo): nessuna scuola specifica ma la corrente romanico-italiano è più specifica del contenitore epoca."
amor-sacro-e-amor-profano-tiziano,Amor sacro e Amor profano,rinascimento-maturo-italia-settentrionale,scuola-veneziana,assegnato,"Tiziano, opera commissionata ed eseguita a Venezia (1514-1515; 'Roma' indica solo la sede museale attuale, Galleria Borghese): rientra nella scuola veneziana."
angeli-adoranti-cappella-magi,Angeli adoranti (particolare del Corteo dei Magi),quattrocento,umanesimo-fiorentino,assegnato,"Particolare del ciclo di Benozzo Gozzoli nella Cappella dei Magi di Palazzo Medici, Firenze; allineato alla scuola gia' assegnata ad altra opera dello stesso ciclo nel lotto (corteo-dei-magi-gozzoli)."
annunciazione-cavalcanti,Annunciazione (detta Cavalcanti),quattrocento,umanesimo-fiorentino,assegnato,"Donatello a Santa Croce, Firenze: scuola piu specifica del generico Quattrocento."
annunciazione-corridoio-nord-san-marco,Annunciazione,quattrocento,umanesimo-fiorentino,assegnato,"Beato Angelico, convento di San Marco, Firenze: scuola piu specifica del generico Quattrocento."
annunciazione-e-visitazione-reims,Annunciazione e Visitazione (decorazione scultorea del Portale della Vergine),gotico,gotico-francese,assegnato,Scultura della cattedrale di Reims: dall'epoca generica 'gotico' alla corrente più specifica 'gotico-francese'.
annunciazione-lotto-1534,Annunciazione,rinascimento-maturo-italia-settentrionale,scuola-veneziana,assegnato,"Lorenzo Lotto, Recanati, 1534: pur dipinta nelle Marche, l'opera appartiene alla produzione del pittore di formazione e classificazione veneziana."
annunciazione-pontormo-cappella-capponi,Annunciazione (cappella Capponi),manierismo,primo-manierismo-fiorentino,assegnato,"Pontormo, cappella Capponi in Santa Felicita, Firenze, 1526-1528: opera manifesto del Primo Manierismo fiorentino, entro la finestra cronologica della scuola (1510-1530)."
antependium-basilea,Antependium di Basilea (paliotto d'altare),romanico,arte-ottoniana,assegnato,"Paliotto d'oro commissionato dall'imperatore Enrico II (ambito ottoniano tedesco, entro il 1024): piu specifico del generico Romanico, coerente con Arte ottoniana."
apocalisse-angers-battaglia,La bestia del mare (dall'Apocalisse di san Giovanni),gotico-internazionale,gotico-cortese,assegnato,"Arazzo di Nicolas Bataille per la corte d'Angiò (1376-1382, Francia): rientra nella corrente Gotico cortese, che elenca esplicitamente la Francia tra le sue regioni, più specifica del generico Gotico internazionale."
arcangelo-gabriele,Arcangelo Gabriele,,scuola-ferrarese,assegnato,Pannello ferrarese (attribuito a Francesco del Cossa o Ercole de Roberti): rientra nella 'Scuola ferrarese' (Venezia è la sede museale attuale).
arche-scaligere,Arche Scaligere,quattrocento,trecento-italiano,assegnato,"Monumenti funerari gotici veronesi del XIV secolo: la collocazione attuale in 'quattrocento' e un evidente errore di periodo (i sepolcri sono trecenteschi); si riporta al contenitore corretto Trecento italiano, non essendovi una scuola veronese dedicata nell'albero."
arco-trionfale-di-castel-nuovo,Arco trionfale di Castel Nuovo,quattrocento,rinascimento-napoletano,assegnato,"Arco trionfale di Castel Nuovo, commissionato da Alfonso V d'Aragona a Napoli (1452-1471): rientra nella scuola 'Rinascimento napoletano'."
assunta-tiziano,Assunta  (dei Frari),rinascimento-maturo-italia-settentrionale,scuola-veneziana,assegnato,"Tiziano, Basilica dei Frari, Venezia (1516-1518): rientra nella scuola veneziana."
autoritratto-con-pelliccia-durer,Autoritratto con pelliccia,rinascimento-maturo-italia-settentrionale,arte-tedesca-quattrocento,assegnato,"Autoritratto di Dürer (1500): stesso ragionamento delle altre opere di Dürer nel lotto, coerente con 'Arte tedesca del Quattrocento' (che arriva fino al 1500)."
autoritratto-leon-battista-alberti,Autoritratto di Leon Battista Alberti,quattrocento,umanesimo-fiorentino,assegnato,"Leon Battista Alberti, figura centrale dell'umanesimo architettonico fiorentino: scuola piu specifica del generico Quattrocento."
autoritratto-mascherone,Autoritratto (mascherone),,rinascimento-mantovano,assegnato,"Mascherone della volta della Camera degli Sposi, Mantova, commissione gonzaghesca (1465-1474): rientra nella scuola 'Rinascimento mantovano'."
bacco-e-arianna-tiziano,Bacco e Arianna,rinascimento-maturo-italia-settentrionale,scuola-veneziana,assegnato,"Tiziano (per il Camerino d'Alabastro di Alfonso d'Este, oggi Londra): opera della bottega veneziana di Tiziano, rientra nella scuola veneziana."
bambino-che-ride,Bambino che ride,quattrocento,rinascimento-fiorentino,assegnato,"Desiderio da Settignano, scultore fiorentino; 'Vienna' e' la sede museale attuale."
bartolomeo-roverella-tra-santi-maurelio-e-paolo,Bartolomeo Roverella tra santi Maurelio e Paolo,,scuola-ferrarese,assegnato,"Cosme Tura, opera legata al monumento funebre del cardinale Roverella: rientra nella 'Scuola ferrarese' (Roma è la destinazione del monumento, non il luogo di formazione dell'artista)."
basilica-di-san-lorenzo,Basilica di San Lorenzo,quattrocento,umanesimo-fiorentino,assegnato,"Basilica di San Lorenzo, Brunelleschi, Firenze (dal 1421): opera capitale del rinascimento fiorentino, si scende dal generico quattrocento alla scuola specifica."
basilica-di-santo-spirito,Basilica di Santo Spirito,quattrocento,umanesimo-fiorentino,assegnato,Architettura di Brunelleschi a Firenze: scuola piu specifica del generico Quattrocento.
basilica-san-nicola-bari,Basilica di San Nicola,romanico,romanico-italiano,assegnato,"Basilica pugliese (1087-1197, Maestro di Elia): rientra nella corrente Romanico italiano."
basilica-santabbondio-como,Basilica di Sant'Abbondio,romanico,romanico-italiano,assegnato,"Basilica di Como, Italia (1010-1095): rientra nella corrente Romanico italiano, piu specifica della sola epoca Romanico."
basilica-santambrogio-milano-romanica,Basilica di Sant'Ambrogio (ricostruzione romanica),romanico,romanico-italiano,assegnato,"Ricostruzione romanica della basilica di Sant'Ambrogio a Milano: rientra nella corrente Romanico italiano (edificio architettonico, non pittura, quindi non nella scuola Pittura romanica italiana)."
battaglia-di-san-romano,Battaglia di San Romano (trittico),quattrocento,umanesimo-fiorentino,assegnato,"Paolo Uccello, trittico per committenza fiorentina (Bartolini/Medici), oggi disperso in piu musei: scuola piu specifica del generico Quattrocento."
belle-verriere-chartres,La Belle Verrière (particolare della parte superiore),gotico,gotico-francese,assegnato,Vetrata della cattedrale di Chartres: dall'epoca generica 'gotico' alla corrente più specifica 'gotico-francese'.
bibbia-di-gutenberg,Bibbia di Gutenberg,,arte-tedesca-quattrocento,assegnato,"Bibbia di Gutenberg, Magonza (1454-1455): nessuna scuola specifica per la stampa tedesca esiste in albero; per luogo e data rientra nella scuola 'Arte tedesca del Quattrocento' (Germania, 1420-1500)."
biblioteca-san-marco,Sala della biblioteca nel convento di San Marco,quattrocento,umanesimo-fiorentino,assegnato,"Michelozzo, convento di San Marco a Firenze: scuola piu specifica del generico Quattrocento."
busto-di-eleonora-o-isabella-daragona,Busto di Eleonora (o Isabella) d'Aragona,,rinascimento-napoletano,assegnato,"Francesco Laurana, busto per la corte aragonese a Palermo (1487-1488): rientra nella scuola 'Rinascimento napoletano', cui l'attività di Laurana per la dinastia aragonese è convenzionalmente riferita, in assenza di una scuola siciliana dedicata."
busto-lorenzo-de-medici,Busto di Lorenzo de' Medici,rinascimento-fiorentino,rinascimento-maturo,assegnato,"Busto senza autore certo, datato 1513-1520: la scuola 'rinascimento-fiorentino' copre solo fino al 1500, la datazione supera quel limite; si corregge risalendo alla corrente generica."
busto-reliquiario-carlo-magno,Busto-reliquiario di Carlo Magno,gotico-internazionale,gotico-tedesco,assegnato,"Reliquiario di Aquisgrana (1349), ambito tedesco: rientra nella corrente Gotico tedesco, più specifica del generico Gotico internazionale."
ca-doro-venezia,Ca' d'Oro,tardogotico,gotico-cortese,assegnato,"Ca' d'Oro, bottega dei Bon, Venezia (1421-1440, Italia settentrionale), gotico veneziano permeato di gusto internazionale: rientra nella corrente Gotico cortese."
ca-vendramin-calergi,Ca' Vendramin Calergi,quattrocento,quattrocento-veneziano,assegnato,"Ca' Vendramin Calergi, Mauro Codussi, Venezia (dal 1481): rientra nella scuola 'Quattrocento veneziano', coerentemente con le altre opere veneziane coeve già classificate in questo lotto."
cacciata-di-adamo-ed-eva,Cacciata di Adamo ed Eva dal Paradiso terrestre,quattrocento,umanesimo-fiorentino,assegnato,"Masaccio, cappella Brancacci, Firenze (1425-1426): rientra nella scuola umanesimo-fiorentino, coerente con le altre opere dell'artista nel lotto."
caduta-manna-tintoretto-sala-grande,Caduta della manna,manierismo,scuola-veneziana,assegnato,"Tintoretto, Scuola Grande di San Rocco a Venezia: pittura veneziana matura."
camera-degli-sposi-oculo,Camera degli Sposi (particolare dell'oculo),quattrocento,rinascimento-mantovano,assegnato,"Andrea Mantegna per la corte dei Gonzaga a Mantova, Rinascimento mantovano."
camposanto-pisa,Camposanto monumentale di Pisa,romanico-italiano,gotico-italiano,assegnato,"Il Camposanto di Pisa (dal 1278, in stile gotico) non rientra nell'intervallo 1000-1200 della corrente romanico-italiano; più coerente con la corrente gotico-italiano (1228-1400)."
candelabra-e-angoloni-del-palazzo-dei-diamanti,Candelabra e angoloni del Palazzo dei Diamanti,,barocco,assegnato,"Aggiunta scultorea tardo-secentesca (1692) al Palazzo dei Diamanti di Ferrara: la 'Scuola ferrarese' copre solo fino al 1500 e non è pertinente; nessuna scuola specifica esiste per la Ferrara barocca, si assegna l'epoca 'Barocco'."
cantoria-donatello,Cantoria,quattrocento,umanesimo-fiorentino,assegnato,"Cantoria per il Duomo di Firenze, Donatello: scuola piu specifica del generico Quattrocento."
cantoria-luca-della-robbia,Cantoria,quattrocento,umanesimo-fiorentino,assegnato,"Cantoria per il Duomo di Firenze, Luca della Robbia: scuola piu specifica del generico Quattrocento."
capitello-quadriportico-santambrogio,Capitello del quadriportico,romanico,romanico-italiano,assegnato,Capitello dello stesso quadriportico milanese: rientra nella corrente Romanico italiano.
cappella-brancacci,Affreschi della cappella Brancacci,quattrocento,umanesimo-fiorentino,assegnato,"Affreschi di Masaccio, Masolino e Filippino Lippi, Firenze (1423-1428): rientra nella scuola umanesimo-fiorentino, coerente con le altre opere di Masaccio/Masolino nel lotto."
cappella-capponi-pontormo,Cappella Capponi (ciclo decorativo),manierismo,primo-manierismo-fiorentino,assegnato,"Pontormo, cappella Capponi, Firenze, 1526-1528: rientra nel Primo Manierismo fiorentino."
cappella-del-cardinale-del-portogallo,Cappella del Cardinale del Portogallo,,rinascimento-fiorentino,assegnato,"Cappella del Cardinale del Portogallo, Antonio Rossellino, San Miniato al Monte, Firenze (1461-1466): rientra nella scuola 'Rinascimento fiorentino'."
cappella-pazzi,Cappella Pazzi,quattrocento,umanesimo-fiorentino,assegnato,Architettura di Brunelleschi a Firenze: scuola piu specifica del generico Quattrocento.
cappella-piccolomini,Cappella Piccolomini,,rinascimento-napoletano,assegnato,"Cappella Piccolomini a Monteoliveto, Napoli, commissione della corte aragonese eseguita da scultori fiorentini (Rossellino, Benedetto da Maiano): rientra nella scuola 'Rinascimento napoletano'."
cappella-portinari-interno,Interno della cappella Portinari,umanesimo-lombardo,sforzesco,assegnato,"Cappella Portinari a Milano, cantiere del periodo sforzesco milanese piu' specifico del generico Umanesimo lombardo."
cappella-rucellai,Cappella Rucellai (con tempietto del Santo Sepolcro),quattrocento,rinascimento-fiorentino,assegnato,"Opera di Leon Battista Alberti a Firenze, Rinascimento fiorentino."
castello-sforzesco,Castello Sforzesco,,sforzesco,assegnato,"Castello Sforzesco di Milano, sede della corte sforzesca (1450-1466): rientra nella scuola 'Periodo sforzesco'."
cattedrale-san-ciriaco-ancona,Cattedrale di San Ciriaco,romanico,romanico-italiano,assegnato,Cattedrale marchigiana (fine XI sec.-1189): rientra nella corrente Romanico italiano.
cattedrale-san-geminiano-modena,Cattedrale di San Geminiano,romanico,romanico-italiano,assegnato,"Cattedrale di Modena (Lanfranco e Wiligelmo, 1099-1184): rientra nella corrente Romanico italiano."
cattedrale-san-nicola-pellegrino-trani,Cattedrale di San Nicola Pellegrino,romanico,romanico-italiano,assegnato,"Cattedrale pugliese (Barisano da Trani, 1099-1210): rientra nella corrente Romanico italiano."
certosa-di-pavia-facciata,Facciata della chiesa conventuale della Certosa delle Grazie,umanesimo-lombardo,sforzesco,assegnato,"Facciata della Certosa di Pavia, mausoleo dinastico sforzesco, piu' specifico del generico Umanesimo lombardo."
certosa-di-pavia-navata,Navata centrale della chiesa conventuale della Certosa delle Grazie,umanesimo-lombardo,sforzesco,assegnato,"Cantiere della Certosa di Pavia, mausoleo dinastico sforzesco, piu' specifico del generico Umanesimo lombardo."
certosa-presentazione-bergognone,Presentazione della Certosa alla Vergine da parte di Gian Galeazzo,umanesimo-lombardo,sforzesco,assegnato,"Affresco per la Certosa di Pavia, mausoleo dinastico visconteo-sforzesco, con il donatore Gian Galeazzo (Visconti/Sforza): più specifico collocarlo nel 'Periodo sforzesco' (di cui 'umanesimo-lombardo' è il genitore) che nella scuola generica lombarda."
chiesa-di-san-michele-in-isola,Chiesa di San Michele in Isola,quattrocento,quattrocento-veneziano,assegnato,"Chiesa di San Michele in Isola, Mauro Codussi, Venezia (1468-1479): rientra nella scuola 'Quattrocento veneziano'."
chiesa-di-san-sebastiano-mantova,Chiesa di San Sebastiano,quattrocento,rinascimento-mantovano,assegnato,"Chiesa albertiana commissionata dai Gonzaga a Mantova, rientra nel Rinascimento mantovano."
chiesa-di-sant-andrea-mantova,Chiesa di Sant'Andrea,quattrocento,rinascimento-mantovano,assegnato,"Chiesa albertiana commissionata dai Gonzaga a Mantova, Rinascimento mantovano."
chiesa-di-santa-maria-dei-miracoli,Chiesa di Santa Maria dei Miracoli,quattrocento,quattrocento-veneziano,assegnato,"Chiesa di Santa Maria dei Miracoli, Pietro Lombardo, Venezia (1481-1489): rientra nella scuola 'Quattrocento veneziano'."
chiesa-saint-benigne-digione,Chiesa di Saint-Bénigne a Digione,romanico,cluniacense,assegnato,"Rotonda di Guglielmo da Volpiano a Digione (1001-1018), esempio maggiore dell'architettura borgognona della riforma monastica coeva a Cluny, coerente con la corrente Arte cluniacense (Borgogna, 910-1150)."
chiesa-san-filiberto-tournus,Facciata della chiesa abbaziale di San Filiberto,romanico,cluniacense,assegnato,"Abbazia borgognona (Tournus, Saona e Loira), coerente per area e cronologia con la corrente Arte cluniacense (910-1150), piu specifica del generico Romanico."
chiesa-san-michele-pavia,Chiesa di San Michele,romanico,romanico-italiano,assegnato,Chiesa di Pavia (1090-1155): rientra nella corrente Romanico italiano.
ciclo-dei-mesi-torre-aquila-trento,Ciclo dei Mesi (Torre Aquila),tardogotico,gotico-cortese,assegnato,"Maestro Wenceslao a Trento (1390-1400, Italia settentrionale), esempio di gotico internazionale di corte: rientra nella corrente Gotico cortese."
ciclo-delle-storie-di-santorsola,Ciclo delle Storie di sant'Orsola,quattrocento,quattrocento-veneziano,assegnato,"Vittore Carpaccio, ciclo di Sant'Orsola, Venezia (1490-1497): rientra nella scuola 'Quattrocento veneziano', coerentemente con altre opere dello stesso ciclo già classificate nel database."
ciclo-di-dieci-teleri-dedicato-ai-miracoli-della-vera-croce,Ciclo di dieci teleri dedicato ai Miracoli della vera Croce,,quattrocento-veneziano,assegnato,"Gentile Bellini, ciclo dei Miracoli della Vera Croce, Venezia (dal 1493): rientra nella scuola 'Quattrocento veneziano', come altre opere dello stesso ciclo (es. 'La Processione in piazza San Marco') già presenti nel database."
ciclo-sala-inferiore-storie-vergine-tintoretto,Ciclo della Sala Inferiore (Storie della Vergine e dell'infanzia di Cristo),manierismo,scuola-veneziana,assegnato,"Tintoretto, Scuola Grande di San Rocco a Venezia: pittura veneziana matura."
cimasa-del-pala-di-pesaro-cristo-morto-sorretto-dalla-vergine,Cimasa del Pala di Pesaro (Cristo morto sorretto dalla Vergine),quattrocento,quattrocento-veneziano,assegnato,"Giovanni Bellini, cimasa della Pala di Pesaro: pur destinata a Pesaro, è opera di un pittore veneziano e rientra nella scuola 'Quattrocento veneziano', coerentemente con le altre opere di Bellini nel lotto."
cinocefali-isole-andamane-bedford,Cinocefali delle isole Andamane (pagina del Libro delle meraviglie),gotico-internazionale,gotico-cortese,assegnato,"Maestro di Bedford, Parigi (1412-1413, Francia): rientra nella corrente Gotico cortese, più specifica del generico Gotico internazionale."
circonscisione,Circonscisione,,scuola-ferrarese,assegnato,Cosme Tura: rientra nella 'Scuola ferrarese' (Boston è la sede museale attuale).
compianto-sul-cristo-morto,Compianto sul Cristo morto,,quattrocento,assegnato,"Niccolò dell'Arca, Compianto sul Cristo morto, Santa Maria della Vita, Bologna (1463-1490): nessuna scuola specifica per la Bologna quattrocentesca esiste in albero; si assegna la corrente generica 'Quattrocento'."
concerto-campestre-tiziano,Concerto campestre,rinascimento-maturo-italia-settentrionale,scuola-veneziana,assegnato,"Tiziano, opera veneziana (1509-1510; 'Parigi' e' la sede museale attuale, Louvre): rientra nella scuola veneziana."
convento-di-san-marco,Convento domenicano di San Marco,quattrocento,umanesimo-fiorentino,assegnato,"Michelozzo, convento domenicano a Firenze: scuola piu specifica del generico Quattrocento."
convito-casa-levi-veronese,Convito in casa di Levi (o Banchetto in casa di Levi),manierismo,scuola-veneziana,assegnato,"Paolo Veronese, pittura veneziana matura (Convito in casa di Levi, Venezia 1573)."
corteggio-della-duchessa-barbara-di-brandeburgo,Corteggio della duchessa Barbara di Brandeburgo (camera degli sposi),quattrocento,rinascimento-mantovano,assegnato,"Andrea Mantegna, Camera degli Sposi, Mantova, commissione gonzaghesca (1465-1474): rientra nella scuola 'Rinascimento mantovano'."
corteo-dei-magi,Corteo dei Magi,quattrocento,umanesimo-fiorentino,assegnato,"Stesso ciclo della Cappella dei Magi di Benozzo Gozzoli, Firenze; coerente con l'altra opera del ciclo gia' classificata come Umanesimo fiorentino."
cristo-alla-colonna-bramante,Cristo alla colonna,rinascimento-maturo,sforzesco,assegnato,"Disegno di Bramante, Milano 1490 circa, periodo dell'attività alla corte sforzesca."
cristo-come-albero-di-vite-lotto,Cristo come albero di vite,rinascimento-maturo-italia-settentrionale,scuola-veneziana,assegnato,"Lorenzo Lotto, oratorio Suardi a Trescore Balneario: stesso ciclo della voce precedente, scuola veneziana."
cristo-deriso-beato-angelico,Cristo deriso,quattrocento,umanesimo-fiorentino,assegnato,"Beato Angelico, convento di San Marco, Firenze: scuola piu specifica del generico Quattrocento."
cristo-morto-angeli-rosso-fiorentino,Cristo morto tra gli angeli,manierismo,primo-manierismo-fiorentino,assegnato,"Rosso Fiorentino, opera del periodo toscano pre-romano (Volterra/Citta' di Castello/Sansepolcro, 1525-1526): rientra nel Primo Manierismo fiorentino."
cristo-pantocratore-cappella-palatina,Cristo Pantocratore (catino absidale della Cappella Palatina),arte-bizantina,romanico-normanno-siciliano,assegnato,"Mosaico della Cappella Palatina: coerente con la classificazione dell'edificio e del suo ciclo musivo, già in romanico-normanno-siciliano."
cristo-pantocratore-cefalù,Cristo Pantocratore (catino absidale della cattedrale di Cefalù),arte-bizantina,romanico-normanno-siciliano,assegnato,"Mosaico della cattedrale di Cefalù: coerente con la classificazione dell'edificio (cattedrale-cefalù), già in romanico-normanno-siciliano."
cristo-pantocratore-monreale,Cristo Pantocratore (catino absidale della cattedrale di Monreale),arte-bizantina,romanico-normanno-siciliano,assegnato,Mosaico della cattedrale di Monreale: coerente con la classificazione dell'edificio e del ciclo musivo (già in romanico-normanno-siciliano).
cristo-risorto-bramantino,Cristo risorto (Uomo dei dolori),rinascimento-maturo-italia-settentrionale,sforzesco,assegnato,Bramantino attivo a Milano presso la corte sforzesca (1490 circa): 'sforzesco' è più specifico e cronologicamente più coerente della corrente generica nord-italiana.
crocefissione-portale-bronzeo-san-zeno,Crocefissione (formella del portale bronzeo),romanico,romanico-italiano,assegnato,Formella del portale di San Zeno a Verona (meta XI sec.): rientra nella corrente Romanico italiano.
crocifissione,Crocifissione,,quattrocento,assegnato,"Antonello da Messina, Crocifissione (ca. 1475): nessuna scuola siciliana esiste in albero per questo pittore itinerante; si assegna la corrente generica 'Quattrocento' (Londra è la sede museale attuale)."
crocifissione-polittico-pisa,Crocifissione (pannello superiore del Polittico di Pisa),quattrocento,umanesimo-fiorentino,assegnato,"Pannello del Polittico di Pisa di Masaccio: la citta indicata (Napoli) e la sede museale attuale, non il luogo di produzione; opera del maestro fondatore del Rinascimento fiorentino, non esiste una scuola pisana per questo periodo."
crocifissione-tintoretto-scuola-san-rocco,Crocifissione,manierismo,scuola-veneziana,assegnato,"Tintoretto, Scuola Grande di San Rocco a Venezia: pittura veneziana matura."
crocifisso-bronzo-sant-antonio-padova,Crocifisso (sull'altare della basilica di Sant'Antonio),quattrocento,rinascimento-padano,assegnato,Donatello a Padova (Basilica del Santo): la scuola esistente 'Rinascimento padano' (1440-1510) corrisponde esattamente a luogo e datazione.
crocifisso-santa-croce-brunelleschi,Crocifisso di Santa Croce,quattrocento,umanesimo-fiorentino,assegnato,"Crocifisso di Brunelleschi a Santa Croce, Firenze (1406-1408): per coerenza con il crocifisso 'gemello' di Donatello dello stesso contesto, già in umanesimo-fiorentino, si scende dal generico quattrocento alla scuola specifica."
cupola-santa-maria-del-fiore,Cupola della cattedrale di Santa Maria del Fiore,quattrocento,umanesimo-fiorentino,assegnato,"Cupola del Brunelleschi (e Ghiberti) a Firenze (1418-1436): opera capitale del rinascimento fiorentino, si scende dal generico quattrocento alla scuola specifica."
david-bronzo-donatello,David vittorioso su Golia (o Ermes vittorioso su Argo),quattrocento,umanesimo-fiorentino,assegnato,"Donatello, bronzo per i Medici, Firenze: scuola piu specifica del generico Quattrocento."
decorazione-della-camera-degli-sposi,Decorazione della Camera degli Sposi,,rinascimento-mantovano,assegnato,"Andrea Mantegna, Camera degli Sposi, Mantova: rientra nella scuola 'Rinascimento mantovano', come le altre opere dello stesso ciclo nel lotto."
decorazione-dello-studiolo-di-belriguardo,Decorazione dello Studiolo di Belriguardo,,scuola-ferrarese,assegnato,"Angelo Maccagnino e Cosme Tura, Studiolo di Belriguardo, villa estense presso Ferrara (1447-1463): rientra nella 'Scuola ferrarese'."
deposizione-beato-angelico,Deposizione di Cristo nel sepolcro,quattrocento,umanesimo-fiorentino,assegnato,"Beato Angelico, opera fiorentina (Pala di Santa Trinita): scuola piu specifica del generico Quattrocento; citta indicata e sede museale attuale."
deposizione-cristo-croce-pietro-rimini,Deposizione di Cristo dalla croce,gotico-italiano,trecento-italiano,assegnato,"Pietro da Rimini (1325-1330 ca.): pittore giottesco romagnolo (Scuola riminese), ma unica opera dell'autore nel lotto, insufficiente per proporre una scuola dedicata; si specifica al livello Trecento italiano. Il campo 'citta' (Parigi) riflette la sede museale attuale, non il luogo di produzione."
deposizione-dalla-croce-e-compianto-sul-corpo-di-cristo,Deposizione dalla croce e Compianto sul corpo di Cristo,quattrocento,quattrocento-veneziano,assegnato,"Jacopo Bellini, pittore veneziano: rientra nella scuola 'Quattrocento veneziano' (Parigi è la sede museale attuale, Louvre)."
deposizione-di-cristo-nel-sepolcro-tiziano-1559,Deposizione di Cristo nel sepolcro,rinascimento-maturo-italia-settentrionale,scuola-veneziana,assegnato,"Tiziano, fase tarda (1559): la Scuola veneziana esistente (1450-1580) e' collocazione piu' specifica e cronologicamente piu' adeguata rispetto a 'rinascimento-maturo-italia-settentrionale' (1490-1550)."
deposizione-nel-sepolcro-padova,Deposizione di Cristo nel sepolcro,quattrocento,rinascimento-padano,assegnato,"Donatello, rilievo per l'Altare del Santo, Padova: scuola esistente compatibile."
deposizione-volterra-rosso-fiorentino,Deposizione di Volterra,manierismo,primo-manierismo-fiorentino,assegnato,"Rosso Fiorentino, Deposizione di Volterra, 1521: fase toscana pre-romana del pittore, rientra nella finestra del Primo Manierismo fiorentino."
duomo-di-milano,Duomo di Milano,tardogotico,gotico-cortese,assegnato,"Cantiere del Duomo di Milano (iniziato nel 1386, Italia settentrionale), promosso dai Visconti con maestranze internazionali: rientra nella corrente Gotico cortese, più specifica del generico Tardogotico."
erezione-serpente-bronzo-tintoretto,Erezione del serpente di bronzo,manierismo,scuola-veneziana,assegnato,"Tintoretto, Scuola Grande di San Rocco a Venezia: pittura veneziana matura."
facciata-della-cattedrale-di-bergamo,Facciata della Cattedrale di Bergamo,,umanesimo-lombardo,assegnato,"Facciata del Duomo di Bergamo (progetto Filarete 1456, completamento fino al 1481): Bergamo è esplicitamente inclusa fra le regioni della scuola 'Umanesimo lombardo', più pertinente della generica corrente 'quattrocento' o della scuola 'sforzesco' (Bergamo non fu territorio sforzesco ma veneziano)."
facciata-duomo-orvieto,Facciata della cattedrale di Santa Maria Assunta di Orvieto,gotico-italiano,trecento-italiano,assegnato,"Lorenzo Maitani, facciata del Duomo di Orvieto (dal 1308): opera di un solo autore ma senza altri lavori dello stesso nel lotto per giustificare una scuola dedicata; si specifica comunque al livello Trecento italiano, piu accurato del generico Gotico italiano."
facciata-san-michele-pavia,Facciata della chiesa di San Michele,romanico,romanico-italiano,assegnato,Facciata della stessa chiesa pavese: rientra nella corrente Romanico italiano.
facciata-santa-maria-novella,Facciata della basilica di Santa Maria Novella,quattrocento,rinascimento-fiorentino,assegnato,"Facciata albertiana a Firenze, Rinascimento fiorentino."
fanciulle-al-bagno-luini,Fanciulle al bagno,rinascimento-maturo-italia-settentrionale,sforzesco,assegnato,"Bernardino Luini a Milano, 1524: rientra nella scuola del Periodo sforzesco (Milano, Lombardia, 1450-1535)."
fibula-visigota-aquila,Fibula visigota a forma di aquila,eta-longobarda,alto-medioevo,assegnato,"Fibula visigota di Madrid: si tratta di arte visigota di Spagna, non longobarda; nell'albero non esiste una corrente dedicata ai Visigoti, quindi si risale all'epoca corretta Alto Medioevo invece di lasciarla erroneamente sotto Eta longobarda."
fuga-in-egitto,Fuga in Egitto,,scuola-ferrarese,assegnato,Cosme Tura: rientra nella 'Scuola ferrarese' (New York è la sede museale attuale).
gesta-theodorici-miniatura-cassiodoro,Gesta Theodorici Regis (frontespizio raffigurante Cassiodoro),eta-carolingia,romanico,assegnato,"La datazione indicata (1170-1185 circa) è incompatibile con l'età carolingia (768-900); in assenza di informazioni su origine e bottega si ricolloca nell'epoca romanico, coerente con gli anni indicati."
gioco-palle-neve-torre-aquila,Gioco con le palle di neve (particolare del Ciclo dei Mesi),tardogotico,gotico-cortese,assegnato,"Stesso ciclo di Maestro Wenceslao a Trento (1390-1400, Italia settentrionale): rientra nella corrente Gotico cortese."
giove-scaccia-vizi-veronese,Giove scaccia i Vizi,manierismo,scuola-veneziana,assegnato,"Paolo Veronese, pittura veneziana matura; 'citta' indica la sede attuale (Louvre), ma l'opera appartiene alla produzione veneziana del pittore."
giuditta-e-oloferne,Giuditta e Oloferne (statua),quattrocento,rinascimento-fiorentino,assegnato,"Statua di Donatello per i Medici a Firenze, rientra nel Rinascimento fiorentino."
giuditta-oloferne-donatello,Giuditta e Oloferne,rinascimento,rinascimento-fiorentino,assegnato,"Stessa opera (Giuditta e Oloferne di Donatello, Firenze 1454-1457) attualmente all'epoca generica Rinascimento: va abbassata alla scuola fiorentina specifica."
grammatica-greca,Grammatica greca,,quattrocento-veneziano,assegnato,"Grammatica greca stampata da Aldo Manuzio a Venezia (1495): per luogo e data rientra nella scuola 'Quattrocento veneziano', pur trattandosi di un manufatto tipografico e non pittorico."
granchio-marino-durer,Granchio marino,rinascimento-maturo-italia-settentrionale,arte-tedesca-quattrocento,assegnato,"Disegno di Dürer (1495): pur legato al viaggio in Italia, l'artista è tedesco e la scuola 'Arte tedesca del Quattrocento' (1420-1500) è più pertinente della corrente regionale italiana nord-orientale."
grande-macelleria-carracci,Grande macelleria,barocco,manierismo,assegnato,"Annibale Carracci, La Grande Macelleria, Bologna (1582 circa): la data precede l'inizio dell'epoca 'Barocco' (1590) attualmente assegnata; si corregge risalendo alla corrente 'Manierismo' (1520-1600), più specifica e cronologicamente corretta, in assenza di una scuola bolognese dedicata ai Carracci."
guarigione-storpio-resurrezione-tabita,Guarigione dello storpio e resurrezione di Tabita,quattrocento,umanesimo-fiorentino,assegnato,"Masolino, cappella Brancacci, Firenze (1425-1426): rientra nella scuola umanesimo-fiorentino, coerente con le altre opere dell'artista nel lotto."
incisione-prevedari,Tempio in rovina (detta Incisione Prevedari),rinascimento-maturo,sforzesco,assegnato,"Disegno di Bramante inciso da Prevedari, Milano 1481: attività di Bramante alla corte sforzesca, rientra nella scuola 'Periodo sforzesco'."
incoronazione-di-spine-tiziano,L'Incoronazione di spine,rinascimento-maturo-italia-settentrionale,scuola-veneziana,assegnato,"Tiziano (dipinta a Venezia per una chiesa milanese, oggi Louvre): rientra nella scuola veneziana."
la-giustizia-volta-cappella-portogallo,La Giustizia (particolare della volta della cappella del Cardinale del Portogallo),quattrocento,rinascimento-fiorentino,assegnato,"Luca della Robbia, Cappella del Cardinale del Portogallo a San Miniato al Monte, Firenze."
la-tempesta-giorgione,La tempesta,rinascimento-maturo-italia-settentrionale,scuola-veneziana,assegnato,"Opera di Giorgione realizzata e conservata a Venezia: rientra nella scuola 'Scuola veneziana', più specifica della corrente nord-italiana."
la-vecchia-giorgione,La vecchia,rinascimento-maturo-italia-settentrionale,scuola-veneziana,assegnato,Giorgione a Venezia (1506-1508): rientra nella scuola veneziana.
lannunciazione,L'Annunciazione,,scuola-ferrarese,assegnato,Cosme Tura: rientra nella 'Scuola ferrarese' (nessuna città indicata).
liberazione-di-andromeda,Liberazione di Andromeda,rinascimento-fiorentino,rinascimento-maturo,assegnato,"Piero di Cosimo, opera datata 1510-1515: la scuola 'rinascimento-fiorentino' copre solo fino al 1500, la datazione supera quel limite; si corregge risalendo alla corrente generica, coerentemente con altre opere fiorentine di questi anni gia' trattate in lotti precedenti (es. ritratti di Agnolo Doni e Maddalena Strozzi)."
libreria-marciana-sansovino,Libreria Marciana,manierismo,scuola-veneziana,assegnato,"Jacopo Sansovino, Venezia: rientra nella scuola veneziana."
libro-dore-boucicaut,Il Maresciallo di Boucicaut prega davanti a santa Caterina (pagina del Libro d'ore),gotico-internazionale,gotico-cortese,assegnato,"Maestro del Maresciallo di Boucicaut, Parigi (1410-1415, Francia): rientra nella corrente Gotico cortese, più specifica del generico Gotico internazionale."
loggetta-san-marco-sansovino,Loggetta di San Marco,manierismo,scuola-veneziana,assegnato,"Jacopo Sansovino, Venezia: rientra nella scuola veneziana."
lotta-tra-amore-e-castita,Lotta tra Amore e Castità,rinascimento-fiorentino,rinascimento-mantovano,assegnato,"Dipinto da Perugino per lo Studiolo di Isabella d'Este nel Palazzo Ducale di Mantova: non è un'opera fiorentina, rientra nella scuola 'Rinascimento mantovano'."
maddalena,Maddalena,quattrocento,scuola-ferrarese,assegnato,"Ercole de' Roberti, opera databile al periodo ferrarese dell'artista (prima del trasferimento a Bologna nel 1486): rientra nella 'Scuola ferrarese' (Bologna è la sede museale attuale, Pinacoteca Nazionale)."
maddalena-donatello,Maddalena (dal battistero di San Giovanni a Firenze),quattrocento,rinascimento-fiorentino,assegnato,"Maddalena penitente di Donatello per il Battistero di Firenze, Rinascimento fiorentino."
maddalena-penitente,Maddalena penitente,,rinascimento-fiorentino,assegnato,"Donatello, Maddalena penitente, Battistero di Firenze (1453-1455, dopo il rientro dell'artista da Padova): rientra nella scuola 'Rinascimento fiorentino'."
madonna-bambino-altare-santo,Madonna con il Bambino,quattrocento,rinascimento-padano,assegnato,"Donatello, Altare del Santo, Padova: scuola esistente compatibile."
madonna-bambino-luca-della-robbia-metropolitan,Madonna con il Bambino,quattrocento,rinascimento-fiorentino,assegnato,"Luca della Robbia, scultore fiorentino; 'New York' e' solo l'attuale sede museale (Metropolitan Museum)."
madonna-bambino-trono-angeli-polittico-pisa,Madonna col Bambino in trono fra quattro angeli (pannello centrale del Polittico di Pisa),quattrocento,umanesimo-fiorentino,assegnato,Pannello centrale del Polittico di Pisa di Masaccio: citta indicata (Londra) e sede museale attuale; stessa logica del pannello precedente.
madonna-bambino-trono-santa-maria-antiqua,Madonna con il Bambino in trono e un angelo,arte-bizantina,eta-giustinianea,assegnato,"Icona romana datata 552-560, pienamente coerente con la corrente Eta giustinianea (Italia, 527-565), piu specifica della generica epoca Arte bizantina."
madonna-col-bambino-in-trono-con-angeli-musicanti-e-santi-pietro-e-caterina,Madonna col Bambino in trono con angeli musicanti e santi Pietro e Caterina,,scuola-veneziana,assegnato,"Giovanni Bellini, opera del 1505: supera il limite della scuola 'Quattrocento veneziano' (fino al 1500); rientra nella scuola 'Scuola veneziana' (1450-1580), più aderente alla datazione."
madonna-con-il-bambino-benedicente,Madonna con il Bambino benedicente,quattrocento,quattrocento-veneziano,assegnato,"Jacopo Bellini, pittore veneziano (1450 circa): rientra nella scuola 'Quattrocento veneziano'."
madonna-dei-denti-vitale-bologna,Madonna con il Bambino e donatori (Madonna dei denti),gotico-italiano,trecento-italiano,assegnato,"Vitale da Bologna (1345): unico esempio bolognese nel lotto, non sufficiente per una scuola dedicata; rientra nella corrente Trecento italiano."
madonna-del-ceroso,Madonna del Ceroso,,sforzesco,assegnato,"Bergognone, pittore attivo a Milano sotto la corte sforzesca (1488-1494): rientra nella scuola 'Periodo sforzesco', coerentemente con altre opere dell'artista già riclassificate in questa scuola in lotti precedenti (es. 'Madonna del Certosino')."
madonna-del-certosino,Madonna del Certosino,umanesimo-lombardo,sforzesco,assegnato,"Bergognone, opera per la Certosa di Pavia in epoca sforzesca: stesso ragionamento della 'Presentazione della Certosa'."
madonna-del-latte-in-trono,Madonna del latte in trono con il Bambino (scomparto destro del Dittico di Melun),quattrocento-fiammingo,rinasc-nordico,assegnato,"Jean Fouquet e' pittore francese della corte di Tours, non fiammingo: la citta' 'Anversa' indica solo l'ubicazione museale attuale del pannello del Dittico di Melun; corrente Rinascimento nordico piu' corretta di quella fiamminga."
madonna-del-prato,Madonna del Prato,quattrocento,scuola-veneziana,assegnato,"Giovanni Bellini, Madonna del Prato (1500-1505 circa): la datazione è al limite o supera la scuola 'Quattrocento veneziano' (fino al 1500); si assegna la scuola 'Scuola veneziana' (1450-1580), che copre l'intero intervallo senza forzature."
madonna-della-quaglia-pisanello,Madonna della quaglia,tardogotico,gotico-cortese,assegnato,"Pisanello a Verona (1420 circa, Italia settentrionale): unico esempio pisanelliano nel lotto, non sufficiente per una scuola dedicata; rientra nella corrente Gotico cortese, più specifica del generico Tardogotico."
madonna-in-trono-con-il-bambino-e-angeli,Madonna in trono con il Bambino e angeli,,scuola-ferrarese,assegnato,Cosme Tura: rientra nella 'Scuola ferrarese' (Londra è la sede museale attuale).
martirio-di-san-lorenzo,Martirio di san Lorenzo,quattrocento,rinascimento-fiorentino,assegnato,"Pulpiti tardi di Donatello in San Lorenzo, Firenze."
martirio-di-san-lorenzo-tiziano,Martirio di san Lorenzo,rinascimento-maturo-italia-settentrionale,scuola-veneziana,assegnato,"Tiziano, chiesa dei Gesuiti, Venezia: rientra nella scuola veneziana."
martirio-san-dionigi-bellechose,Martirio di san Dionigi,gotico-internazionale,gotico-cortese,assegnato,"Henri Bellechose, Parigi (1416, Francia): rientra nella corrente Gotico cortese, più specifica del generico Gotico internazionale."
martirio-san-lorenzo-daddi,Martirio di san Lorenzo,gotico-italiano,trecento-italiano,assegnato,"Bernardo Daddi, seguace giottesco fiorentino (1340 circa): rientra nella corrente Trecento italiano, più specifica del generico Gotico italiano."
medaglia-di-alfonso-daragona,Medaglia di Alfonso d'Aragona,quattrocento,rinascimento-napoletano,assegnato,"Pisanello, medaglia di Alfonso V d'Aragona, realizzata durante il soggiorno dell'artista a Napoli (1449): rientra nella scuola 'Rinascimento napoletano', di poco anteriore alla data di inizio convenzionale (1450)."
minerva-caccia-i-vizi-dal-giardino-delle-virtu,Minerva caccia i Vizi dal giardino delle Virtù,quattrocento,rinascimento-mantovano,assegnato,"Andrea Mantegna, Studiolo di Isabella d'Este, Mantova (1499-1502): rientra nella scuola 'Rinascimento mantovano'."
miracolo-del-cuore-dellavaro,Miracolo del cuore dell'avaro,quattrocento,rinascimento-padano,assegnato,"Donatello, rilievo per l'Altare del Santo, Padova: scuola esistente compatibile."
miracolo-del-marito-geloso-tiziano,Miracolo del marito geloso,rinascimento-maturo-italia-settentrionale,scuola-veneziana,assegnato,"Tiziano, affresco per la Scuola del Santo a Padova (1511, Veneto): rientra nella scuola veneziana, che copre l'intera regione veneta."
miracolo-della-nube-foppa,Miracolo della nube (particolare della decorazione parietale),umanesimo-lombardo,sforzesco,assegnato,"Affresco di Vincenzo Foppa nella Cappella Portinari a Milano, periodo sforzesco."
miracolo-dello-schiavo-tintoretto,Miracolo dello schiavo (o San Marco libera lo schiavo),manierismo,scuola-veneziana,assegnato,"Tintoretto, Scuola Grande di San Marco, Venezia: rientra nella scuola veneziana."
miracolo-di-san-zanobi,Miracolo di san Zanobi,quattrocento,umanesimo-fiorentino,assegnato,"Domenico Veneziano, predella della Pala di Santa Lucia de' Magnoli, realizzata a Firenze: scuola piu specifica del generico Quattrocento (citta indicata e sede museale attuale)."
miracolo-falsa-madonna-foppa,Miracolo della falsa Madonna (particolare della decorazione parietale),umanesimo-lombardo,sforzesco,assegnato,"Affresco di Vincenzo Foppa nella Cappella Portinari a Milano, periodo sforzesco."
modello-duomo-pavia,Modello del duomo di Pavia,rinascimento-maturo,sforzesco,assegnato,"Modello architettonico per il Duomo di Pavia, città del ducato sforzesco, fine XV secolo: rientra nel 'Periodo sforzesco'."
modello-ligneo-lanterna-brunelleschi,Modello ligneo per la lanterna della cupola di Santa Maria del Fiore,quattrocento,umanesimo-fiorentino,assegnato,"Brunelleschi, Santa Maria del Fiore, Firenze: scuola piu specifica del generico Quattrocento."
monumento-equestre-bartolomeo-colleoni,Monumento equestre a Bartolomeo Colleoni,rinascimento-fiorentino,rinascimento-veneziano,assegnato,"Opera realizzata interamente a Venezia (Verrocchio vi si trasferì e vi morì nel 1488 lavorando al monumento); non è un'opera fiorentina. Tra le scuole veneziane parallele, 'rinascimento-veneziano' (1460-1520) combacia meglio con la datazione 1481-1488 rispetto a 'quattrocento-veneziano'."
monumento-equestre-gattamelata,Monumento equestre di Erasmo da Narni detto il Gattamelata,quattrocento,rinascimento-padano,assegnato,"Donatello, monumento equestre a Padova: scuola esistente compatibile."
monumento-equestre-giovanni-acuto,Monumento equestre a Giovanni Acuto (John Hawkwood),quattrocento,umanesimo-fiorentino,assegnato,"Paolo Uccello, Duomo di Firenze: scuola piu specifica del generico Quattrocento."
monumento-equestre-niccolo-da-tolentino,Monumento equestre a Niccolo da Tolentino,quattrocento,rinascimento-fiorentino,assegnato,"Affresco di Andrea del Castagno nel Duomo di Firenze, Rinascimento fiorentino."
monumento-funebre-cardinale-brancacci,Monumento funebre del cardinale Rinaldo Brancacci,quattrocento,umanesimo-fiorentino,assegnato,"Monumento di Donatello e Michelozzo scolpito nella bottega fiorentina e spedito a Napoli per il montaggio: bottega di provenienza fiorentina, nessuna scuola napoletana esiste per questa data (troppo precoce per rinascimento-napoletano, 1450-1500)."
monumento-funebre-cardinale-portogallo,Monumento funebre del Cardinale del Portogallo,quattrocento,rinascimento-fiorentino,assegnato,"Tomba di Antonio e Bernardo Rossellino a San Miniato al Monte, Firenze."
monumento-funebre-carlo-marsuppini,Monumento funebre di Carlo Marsuppini,quattrocento,rinascimento-fiorentino,assegnato,"Tomba di Desiderio da Settignano in Santa Croce a Firenze, opera cardine del Rinascimento fiorentino."
monumento-funebre-di-alfonso-daragona,Monumento funebre di Alfonso d'Aragona,,rinascimento-napoletano,assegnato,"Benedetto da Maiano, monumento funebre per Alfonso d'Aragona, Napoli (dal 1490): rientra nella scuola 'Rinascimento napoletano' (1450-1500)."
monumento-funebre-leonardo-bruni,Monumento funebre di Leonardo Bruni,quattrocento,umanesimo-fiorentino,assegnato,"Bernardo Rossellino, Santa Croce, Firenze: scuola piu specifica del generico Quattrocento."
morte-della-vergine,Morte della Vergine,,rinascimento-mantovano,assegnato,"Mantegna, dipinto nel periodo di attività presso la corte gonzaghesca di Mantova (1462 circa; 'Madrid' è la sede museale attuale, Prado): rientra nella scuola 'Rinascimento mantovano' (1450-1510)."
morto-davanti-suo-giudice-ore-rohan,Il morto davanti al suo Giudice (pagina dalle Ore di Rohan),gotico-internazionale,gotico-cortese,assegnato,"Maestro delle Ore di Rohan, Parigi (1418-1425, Francia): rientra nella corrente Gotico cortese, più specifica del generico Gotico internazionale."
mosaico-cristo-in-maesta-san-lorenzo-fuori-mura,Cristo in maestà tra i santi Pietro e Lorenzo e il papa Pelagio II,arte-bizantina,arte-paleocristiana,assegnato,"Mosaico dell'arco trionfale di San Lorenzo fuori le Mura, Roma (580 circa), basilica paleocristiana romana: rientra nella corrente Arte paleocristiana (313-600) piuttosto che nella generica epoca Arte bizantina, che non elenca Roma tra le sue regioni."
mosaico-cristo-tra-cosma-e-damiano,Cristo tra i santi Cosma e Damiano,arte-bizantina,arte-paleocristiana,assegnato,"Mosaico absidale della basilica dei Santi Cosma e Damiano a Roma (stesso edificio dell'opera 'basilica-santi-cosma-damiano-roma', gia in Arte paleocristiana): rientra nell'arte paleocristiana romana piuttosto che nella generica epoca Arte bizantina, che non elenca Roma tra le sue regioni."
mosaico-giudizio-universale-torcello,"Crocifissione, Anàstasis, Déesis e Giudizio Universale (controfacciata di Santa Maria Assunta)",arte-bizantina,pittura-romanica-italiana,assegnato,"Mosaico di Torcello (1050-1150): per coerenza con altre opere dello stesso edificio e con la Basilica di San Marco, gia classificate nel lotto sotto Romanico italiano, si assegna alla scuola Pittura romanica italiana (Italia settentrionale, 1000-1250) invece della sola epoca Arte bizantina."
mosaico-san-marco-venezia-uccello,Mosaico con San Pietro (perduto),quattrocento,quattrocento-veneziano,assegnato,"Mosaico eseguito da Paolo Uccello in loco per la Basilica di San Marco, commissione della Procuratoria veneziana: la scuola veneziana del Quattrocento e piu specifica del contenitore generico."
mose-difende-figlie-jetro-rosso,Mosè difende le figlie di Jetro,manierismo,primo-manierismo-fiorentino,assegnato,"Rosso Fiorentino a Firenze, 1523: fase toscana, rientra nel Primo Manierismo fiorentino."
mose-fa-scaturire-acqua-dalla-roccia-tintoretto,Mosè fa scaturire l'acqua dalla roccia,manierismo,scuola-veneziana,assegnato,"Tintoretto, Scuola Grande di San Rocco a Venezia: pittura veneziana matura."
nativita-maria-giovanni-da-milano,Natività di Maria,gotico-italiano,trecento-italiano,assegnato,"Giovanni da Milano a Firenze (1365 circa), seguace giottesco: rientra nella corrente Trecento italiano, più specifica del generico Gotico italiano."
nemesi-grande-fortuna-durer,Nemesi (La Grande Fortuna),rinascimento-maturo-italia-settentrionale,arte-tedesca-quattrocento,assegnato,"Incisione di Dürer (1501): coerente con 'Arte tedesca del Quattrocento' più che con una corrente regionale italiana, anche se di poco successiva al 1500."
orazione-di-gesu-nellorto-degli-ulivi,Orazione di Gesù nell'orto degli ulivi,,quattrocento-veneziano,assegnato,"Giovanni Bellini, opera del periodo veneziano dell'artista (1465-1470 circa): rientra nella scuola 'Quattrocento veneziano'."
ospedale-maggiore-milano,Ospedale Maggiore (Ca' Granda),umanesimo-lombardo,sforzesco,assegnato,Ca' Granda commissionata da Francesco Sforza a Milano: collocazione piu' specifica nel Periodo sforzesco rispetto al generico Umanesimo lombardo.
paesaggio-con-cannone-durer,Paesaggio con cannone,rinascimento-maturo-italia-settentrionale,rinasc-nordico,assegnato,"Incisione di Durer, maestro tedesco di Norimberga: l'assegnazione attuale a una scuola dell'Italia settentrionale e' un errore di collocazione culturale. Nessuna scuola tedesca esistente copre il 1518 (arte-tedesca-quattrocento si ferma al 1500): la corrente Rinascimento nordico e' il livello piu specifico corretto."
pala-di-annalena,"Pala di Annalena (Madonna col Bambino in trono e i santi Pietro Martire, Cosma, Damiano, Giovanni Evangelista, Lorenzo e Francesco)",quattrocento,umanesimo-fiorentino,assegnato,Beato Angelico a Firenze: scuola piu specifica del generico Quattrocento.
pala-di-castelfranco-giorgione,Madonna in trono con il Bambino tra i santi Nicasio e Francesco (Pala di Castelfranco),rinascimento-maturo-italia-settentrionale,scuola-veneziana,assegnato,"Opera di Giorgione per Castelfranco Veneto, ambito veneziano: rientra nella 'Scuola veneziana'."
pala-di-pesaro-pala-della-coronazione-della-vergine-tra-san-francesco-paolo-piet,"Pala di Pesaro (Pala della Coronazione della Vergine tra San Francesco, Paolo, Pietro, Girolamo)",quattrocento,quattrocento-veneziano,assegnato,"Giovanni Bellini, pala eseguita nella bottega veneziana dell'artista e destinata alla chiesa dei Francescani di Pesaro (1470-1475): rientra nella scuola 'Quattrocento veneziano', più specifica della corrente generica."
pala-di-san-cassiano,Pala di San Cassiano,quattrocento,rinascimento-veneziano,assegnato,Antonello da Messina dipinse questa pala a Venezia per la chiesa di San Cassiano durante il suo soggiorno veneziano (opera chiave del primo Rinascimento veneziano); 'Vienna' e' solo la sede museale attuale.
pala-di-san-zaccaria,Pala di San Zaccaria,quattrocento,scuola-veneziana,assegnato,"Giovanni Bellini, pala in situ a San Zaccaria, Venezia (1505): la data supera il limite della scuola 'quattrocento-veneziano' (fino al 1500), mentre 'Scuola veneziana' (1450-1580) è cronologicamente coerente."
pala-per-la-basilica-dei-santi-giovanni-e-paolo,Pala per la basilica dei Santi Giovanni e Paolo,,quattrocento-veneziano,assegnato,"Giovanni Bellini, polittico per la basilica dei Santi Giovanni e Paolo a Venezia (opera distrutta nell'incendio del 1867, databile al periodo veneziano dell'artista): rientra nella scuola 'Quattrocento veneziano' nonostante l'assenza di una data precisa."
pala-pesaro-tiziano,Sacra conversazione con i donatori (Pala Pesaro),rinascimento-maturo-italia-settentrionale,scuola-veneziana,assegnato,"Tiziano, pala in situ ai Frari, Venezia: rientra pienamente nella scuola veneziana."
pala-santa-lucia-de-magnoli,Pala di Santa Lucia de' Magnoli (sacra conversazione),quattrocento,umanesimo-fiorentino,assegnato,"Domenico Veneziano, Santa Lucia de' Magnoli, Firenze: scuola piu specifica del generico Quattrocento."
palazzo-corner-ca-granda-sansovino,Palazzo Corner della Ca' Granda,manierismo,scuola-veneziana,assegnato,"Jacopo Sansovino, Venezia: architettura del rinnovamento classicista veneziano, rientra nella scuola veneziana."
palazzo-davanzati-firenze,Palazzo Davanzati,gotico-italiano,trecento-italiano,assegnato,"Palazzo fiorentino di metà Trecento: rientra nella corrente Trecento italiano, più specifica del generico Gotico italiano."
palazzo-ducale-venezia,Palazzo Ducale (facciata meridionale),gotico-italiano,trecento-italiano,assegnato,"Facciata trecentesca del Palazzo Ducale di Venezia (dal 1340): rientra nella corrente Trecento italiano (Veneto incluso), nessuna scuola architettonica veneziana specifica esiste."
palazzo-medici-riccardi,Palazzo Medici-Riccardi,quattrocento,umanesimo-fiorentino,assegnato,"Michelozzo per i Medici, Firenze: scuola piu specifica del generico Quattrocento."
palazzo-pubblico-siena,Palazzo Pubblico di Siena,gotico-italiano,gotico-senese,assegnato,"Edificio civico senese (1297-1348), pienamente coerente con l'arco cronologico e il luogo della scuola senese trecentesca."
palazzo-rucellai,Palazzo Rucellai,quattrocento,umanesimo-fiorentino,assegnato,"Leon Battista Alberti, Firenze: scuola piu specifica del generico Quattrocento."
parete-nord---scene-mitologiche-e-autoritratto,Parete nord - Scene mitologiche e autoritratto,,rinascimento-mantovano,assegnato,"Mantegna, Camera degli Sposi, Palazzo Ducale di Mantova, commissione gonzaghesca (1465-1474): rientra nella scuola 'Rinascimento mantovano'."
parete-ovest---scena-dellincontro,Parete ovest - Scena dell'Incontro (camera degli sposi),,rinascimento-mantovano,assegnato,"Mantegna, Camera degli Sposi, Mantova (1465-1474): stesso ciclo della voce precedente, rientra nella scuola 'Rinascimento mantovano'."
parnaso,Parnaso,quattrocento,rinascimento-mantovano,assegnato,"Mantegna, dipinto per lo Studiolo di Isabella d'Este a Mantova (1497 circa; 'Parigi' è la sede museale attuale, Louvre): rientra nella scuola 'Rinascimento mantovano'."
piazza-ducale-vigevano,Piazza Ducale con la torre del Bramante,rinascimento-maturo,sforzesco,assegnato,"Intervento di Bramante a Vigevano, città prediletta di Ludovico il Moro e possesso sforzesco (1492-1496): rientra nel 'Periodo sforzesco'."
pieta,Pietà (Bellini),quattrocento,quattrocento-veneziano,assegnato,"Giovanni Bellini, Pietà del periodo veneziano dell'artista (1475 circa; 'Milano' è la sede museale attuale, Pinacoteca di Brera): rientra nella scuola 'Quattrocento veneziano'."
pieta-cappella-capponi-pontormo,Pietà (o Deposizione o Trasporto al sepolcro),manierismo,primo-manierismo-fiorentino,assegnato,"Pontormo, cappella Capponi, Firenze, 1526-1528: rientra nel Primo Manierismo fiorentino."
pieta-sansepolcro-rosso-fiorentino,Pietà,manierismo,primo-manierismo-fiorentino,assegnato,"Rosso Fiorentino, Sansepolcro, 1528: fase toscana pre-romana, rientra nel Primo Manierismo fiorentino."
pieta-tiziano,Pietà,rinascimento-maturo-italia-settentrionale,scuola-veneziana,assegnato,"Tiziano (con Palma il Giovane), fase tarda a Venezia: la Scuola veneziana e' collocazione piu' specifica rispetto a 'rinascimento-maturo-italia-settentrionale'."
plutei-san-ciriaco-ancona,San Ciriaco e Due pavoni affrontati (plutei del transetto destro),romanico,romanico-italiano,assegnato,"Opera italiana (Ancona, Marche) del Maestro Leonardo: nessuna scuola specifica ma la corrente romanico-italiano è più specifica del contenitore epoca."
polittico-averoldi-tiziano,Polittico Averoldi (Resurrezione di Cristo),rinascimento-maturo-italia-settentrionale,scuola-veneziana,assegnato,"Tiziano, polittico Averoldi (Brescia, chiesa di SS. Nazaro e Celso): opera della bottega veneziana di Tiziano."
polittico-con-santambrogio-benedicente-e-i-santi-offerenti-luigi-pietro-paolo-e-,"Polittico con sant'Ambrogio benedicente e i santi offerenti Luigi, Pietro, Paolo e Sebastiano",,quattrocento-veneziano,assegnato,"Bartolomeo Vivarini, pittore veneziano (bottega di Murano), Venezia (1477): rientra nella scuola 'Quattrocento veneziano'."
polittico-di-pisa,Polittico di Pisa,quattrocento,umanesimo-fiorentino,assegnato,"Polittico di Pisa di Masaccio, opera dispersa: attribuita alla scuola del maestro fondatore fiorentino in assenza di una scuola pisana dedicata."
polittico-lazara,Polittico De Lazara,quattrocento,rinascimento-padano,assegnato,"Francesco Squarcione, capo della scuola pittorica patavina (maestro di Mantegna), Padova (1452): rientra nella scuola 'Rinascimento padano' (1440-1510)."
polittico-porta-romana,Polittico Porta Romana,,quattrocento,assegnato,"Opera senese (Siena, 1479-1481): nessuna scuola specifica per la pittura senese di questa fase tarda del Quattrocento è presente in albero (la scuola 'gotico-senese' copre solo il Trecento); si assegna al livello di corrente generica, comunque più specifico del vuoto precedente."
porta-capuana,Porta Capuana,quattrocento,rinascimento-napoletano,assegnato,"Giuliano da Maiano, Napoli (1484): rientra nella scuola 'Rinascimento napoletano'."
porta-della-carta-palazzo-ducale-venezia,Porta della Carta,tardogotico,quattrocento-veneziano,assegnato,"Giovanni e Bartolomeo Bon, Palazzo Ducale di Venezia: scuola veneziana del Quattrocento piu specifica del generico Tardogotico."
porta-romana-siena,Porta Romana,gotico-italiano,gotico-senese,assegnato,"Agnolo di Ventura e Agostino di Giovanni, scultori attivi a Siena (1327-1328): scultori del milieu della scuola senese trecentesca."
portale-della-vergine-reims,Portale della Vergine,gotico,gotico-francese,assegnato,Portale della cattedrale di Reims: dall'epoca generica 'gotico' alla corrente più specifica 'gotico-francese'.
portale-destro-san-michele-pavia,Portale destro della facciata (particolare della decorazione scultorea dell'archivolto),romanico,romanico-italiano,assegnato,Portale della chiesa di San Michele a Pavia: rientra nella corrente Romanico italiano.
portale-ingresso-palazzo-pubblico-siena,Portale d'ingresso del Palazzo Pubblico (particolare dell'arco senese),gotico-italiano,gotico-senese,assegnato,Particolare del Palazzo Pubblico di Siena: stessa collocazione del Palazzo Pubblico.
portale-santabbondio-como,Portale principale (particolare della decorazione dell'archivolto),romanico,romanico-italiano,assegnato,Portale della stessa basilica di Como: rientra nella corrente Romanico italiano.
portale-sud-saint-pierre-moissac,Portale sud della chiesa di Saint-Pierre,romanico,cluniacense,assegnato,"Abbazia di Moissac, priorato aggregato a Cluny: la corrente cluniacense è più specifica e coerente con l'appartenenza all'ordine."
pozzo-dei-profeti-sluter,Pozzo dei Profeti,gotico-internazionale,gotico-cortese,assegnato,"Claus Sluter alla Certosa di Champmol, Digione (1395, Borgogna): rientra nella corrente Gotico cortese, che elenca esplicitamente la Borgogna, più specifica del generico Gotico internazionale."
predica-di-pietro-masolino,Predica di San Pietro,quattrocento,umanesimo-fiorentino,assegnato,"Masolino da Panicale, Cappella Brancacci, Firenze (1424-1425): rientra nella scuola 'Umanesimo fiorentino'."
presentazione-vergine-tempio-gaddi,Presentazione della Vergine al Tempio,gotico-italiano,trecento-italiano,assegnato,"Taddeo Gaddi, seguace di Giotto attivo a Firenze; l'opera (entro il 1338) rientra nella corrente Trecento italiano (1300-1400), piu specifica del generico Gotico italiano."
profeta-geremia-moissac,Profeta Geremia (particolare del trumeau del portale sud),romanico,cluniacense,assegnato,"Particolare del portale di Moissac, priorato cluniacense."
proposta-ricostruttiva-altare-donatelliano,Proposta ricostruttiva dell'altare maggiore donatelliano nella basilica di Sant'Antonio,quattrocento,rinascimento-padano,assegnato,"Studio ricostruttivo (1996) relativo all'altare di Donatello nella Basilica del Santo a Padova (1446-1450), opera fondativa della scuola del Rinascimento padano."
pulpito-della-passione,Pulpito della Passione,quattrocento,rinascimento-fiorentino,assegnato,"Pulpiti tardi di Donatello in San Lorenzo, Firenze."
pulpito-della-resurrezione,Pulpito della Resurrezione,quattrocento,rinascimento-fiorentino,assegnato,"Pulpiti tardi di Donatello in San Lorenzo, Firenze."
pulpito-san-giulio-orta,Pulpito della chiesa parrocchiale dell'isola di San Giulio,romanico,romanico-italiano,assegnato,"Opera italiana (Piemonte, Lago d'Orta): nessuna scuola specifica esiste, ma la corrente romanico-italiano è più specifica del contenitore epoca generico."
punizione-di-marsia-tiziano,La punizione di Marsia,rinascimento-maturo-italia-settentrionale,scuola-veneziana,assegnato,"Tiziano, fase tarda (1570-1576): la Scuola veneziana e' collocazione piu' specifica e cronologicamente adeguata rispetto a 'rinascimento-maturo-italia-settentrionale'."
quattro-cavalieri-dellapocalisse-durer,I quattro cavalieri dell'Apocalisse,rinascimento-maturo-italia-settentrionale,arte-tedesca-quattrocento,assegnato,"Xilografia di Dürer (1498): stesso ragionamento del 'Granchio marino', più coerente con 'Arte tedesca del Quattrocento' che con una corrente regionale italiana."
quattro-santi-coronati,Quattro Santi Coronati,quattrocento,umanesimo-fiorentino,assegnato,"Nanni di Banco a Orsanmichele, Firenze (1411-1414): per coerenza con la scheda gemella dell'opera già in umanesimo-fiorentino, si scende dal generico quattrocento alla scuola specifica."
re-antico-testamento-reims-rosone,Re dell'Antico Testamento (particolare del rosone della facciata),gotico,gotico-francese,assegnato,"Rosone della cattedrale di Reims, fine XIII sec.: rientra nella corrente Gotico francese (Francia, Ile-de-France), piu specifica della sola epoca Gotico."
re-e-regine-di-israele-chartres,Re e regine di Israele (decorazione scultorea del Portale Reale),gotico,gotico-francese,assegnato,Portale Reale della cattedrale di Chartres: dall'epoca generica 'gotico' alla corrente più specifica 'gotico-francese'; nessuna bottega identificabile per una scuola dedicata.
refettorio-sanr-apollonia,"Resurrezione, Crocifissione, Deposizione e Ultima cena",quattrocento,umanesimo-fiorentino,assegnato,"Andrea del Castagno, Sant'Apollonia, Firenze: scuola piu specifica del generico Quattrocento."
resurrezione-del-figlio-di-teofilo,Resurrezione del figlio di Teofilo e san Pietro in cattedra,quattrocento,umanesimo-fiorentino,assegnato,"Masolino da Panicale, Cappella Brancacci, Firenze (1427): rientra nella scuola 'Umanesimo fiorentino'."
ritratto-del-doge-leonardo-loredan,Ritratto del doge Leonardo Loredan,,scuola-veneziana,assegnato,"Giovanni Bellini, ritratto del doge di Venezia (1501-1502; 'Londra' è la sede museale attuale): la data supera il limite di 'quattrocento-veneziano' (fino al 1500), 'Scuola veneziana' (1450-1580) è coerente."
ritratto-di-carlo-v-a-cavallo-tiziano,Ritratto di Carlo V a cavallo,rinascimento-maturo-italia-settentrionale,scuola-veneziana,assegnato,"Tiziano (dipinto ad Augusta in occasione della Dieta del 1548, ma opera del maestro veneziano): rientra nella scuola veneziana."
ritratto-di-gentiluomo-tiziano,Ritratto di gentiluomo,rinascimento-maturo-italia-settentrionale,scuola-veneziana,assegnato,"Tiziano, opera veneziana (1510 circa; 'Londra' e' la sede museale attuale): rientra nella scuola veneziana."
ritratto-di-paolo-iii-farnese-tiziano,Ritratto di Paolo III Farnese,rinascimento-maturo-italia-settentrionale,scuola-veneziana,assegnato,"Tiziano, ritratto di Paolo III Farnese: rientra nella scuola veneziana."
ritratto-di-pietro-aretino-tiziano,Ritratto di Pietro Aretino,rinascimento-maturo-italia-settentrionale,scuola-veneziana,assegnato,"Tiziano, ritratto di Pietro Aretino: rientra nella scuola veneziana."
ritratto-di-uomo-con-moneta,Ritratto di uomo con moneta,seconda-meta-del-quattrocento,quattrocento-fiammingo,assegnato,"Hans Memling, pittore fiammingo attivo a Bruges nello stile dell'ars nova ('Anversa' è la sede museale attuale): la scuola 'Quattrocento fiammingo' (Ars nova fiammingo-borgognona) è più specifica della corrente generica attuale."
ritratto-isabella-deste-leonardo,Ritratto di Isabella d'Este,rinascimento-maturo,rinascimento-mantovano,assegnato,Cartone preparatorio realizzato da Leonardo durante il suo soggiorno a Mantova (1499-1500) presso la corte gonzaghesca: rientra nella scuola 'Rinascimento mantovano'.
ritrovamento-corpo-san-marco-tintoretto,Ritrovamento del corpo di san Marco,manierismo,scuola-veneziana,assegnato,"Tintoretto, pittura veneziana; 'citta' indica la sede attuale (Brera, Milano) ma l'opera fu eseguita a Venezia."
sacrestia-vecchia-san-lorenzo,Sacrestia Vecchia,quattrocento,umanesimo-fiorentino,assegnato,"Sacrestia Vecchia di Brunelleschi, San Lorenzo, Firenze (1419-1428): opera capitale del rinascimento fiorentino, si scende dal generico quattrocento alla scuola specifica."
salita-al-calvario-jaquerio,Salita al Calvario,tardogotico,gotico-internazionale,assegnato,"Giacomo Jaquerio, pittore piemontese del Gotico Internazionale: la corrente specifica e piu precisa del generico Tardogotico; opera isolata, non sufficiente per una nuova scuola dedicata."
san-domenico-adorazione-crocifisso,San Domenico in adorazione del Crocifisso,quattrocento,umanesimo-fiorentino,assegnato,"Beato Angelico, convento di San Marco, Firenze: scuola piu specifica del generico Quattrocento."
san-francesco-consegna-la-regola-agli-ordini-francescani,San Francesco consegna la regola agli ordini francescani,quattrocento,rinascimento-napoletano,assegnato,"Colantonio, pittore napoletano (maestro di Antonello da Messina), Napoli (1445 circa): rientra nella scuola 'Rinascimento napoletano' (1450-1500), con lieve estensione del limite iniziale."
san-gerolamo-nello-studio,San Gerolamo nello studio con leone,,rinascimento-napoletano,assegnato,"Colantonio, Napoli (1445 circa): stesso ragionamento della voce precedente, rientra nella scuola 'Rinascimento napoletano'."
san-giorgio-donatello,San Giorgio,quattrocento,umanesimo-fiorentino,assegnato,"Donatello a Orsanmichele, Firenze (1415-1417): per coerenza con l'altra opera dello stesso ciclo già in umanesimo-fiorentino, si scende dal generico quattrocento alla scuola specifica."
san-giorgio-uccide-drago-fenis,San Giorgio uccide il drago e libera la principessa,tardogotico,gotico-cortese,assegnato,"Affresco cavalleresco del castello di Fénis (1415, Italia settentrionale/Valle d'Aosta), tipico esempio di gotico internazionale di corte: rientra nella corrente Gotico cortese."
san-giovanni-battista-ghiberti,San Giovanni Battista,quattrocento,umanesimo-fiorentino,assegnato,"Ghiberti a Orsanmichele, Firenze (1414): per coerenza con la scheda gemella dell'opera già in umanesimo-fiorentino, si scende dal generico quattrocento alla scuola specifica."
san-marco-ghiberti,San Marco,quattrocento,umanesimo-fiorentino,assegnato,"Ghiberti a Orsanmichele, Firenze (1411-1413 circa): per coerenza con le altre statue di Orsanmichele già in umanesimo-fiorentino, si scende dal generico quattrocento alla scuola specifica."
san-sebastiano,San Sebastiano,quattrocento,rinascimento-mantovano,assegnato,"Mantegna, dipinto durante l'attività presso la corte gonzaghesca (1482-1485 circa; 'Parigi' è la sede museale attuale, Louvre): rientra nella scuola 'Rinascimento mantovano'."
san-sebastiano-a.d.m.,San Sebastiano,quattrocento,quattrocento-veneziano,assegnato,"Antonello da Messina, San Sebastiano dipinto a Venezia per la chiesa di San Giuliano durante il soggiorno veneziano documentato dell'artista (1478; 'Dresda' è la sede museale attuale): rientra nella scuola 'Quattrocento veneziano'."
san-silvestro-chiude-fauci-drago,San Silvestro chiude le fauci a un drago e resuscita due maghi,gotico-italiano,trecento-italiano,assegnato,"Maso di Banco a Firenze (1336-1341): seguace giottesco fiorentino, ma unica opera dell'autore nel lotto, insufficiente per una scuola dedicata; si specifica al livello Trecento italiano."
sannna-metterza,"Sant'Anna con la Madonna, il Bambino e angeli (detta Sant'Anna Metterza)",quattrocento,umanesimo-fiorentino,assegnato,"Masaccio e Masolino, Firenze (1424-1425): rientra nella scuola umanesimo-fiorentino, coerente con le altre opere degli stessi artisti nel lotto."
santa-maria-delle-grazie-tribuna,Tribuna e tiburio della chiesa di Santa Maria delle Grazie,rinascimento-maturo,sforzesco,assegnato,"Tribuna bramantesca di Santa Maria delle Grazie a Milano, commissionata da Ludovico il Moro come mausoleo sforzesco (1492-1497)."
santa-maria-egiziaca-tintoretto,Santa Maria Egiziaca in meditazione,manierismo,scuola-veneziana,assegnato,"Tintoretto, Scuola Grande di San Rocco a Venezia: pittura veneziana matura."
santa-maria-presso-san-satiro,Chiesa di Santa Maria presso San Satiro,rinascimento-maturo,sforzesco,assegnato,"Chiesa milanese realizzata da Bramante in epoca sforzesca (Milano, 1482-1486): rientra nel 'Periodo sforzesco'."
sara-abramo-agar-chartres,"Sara (?), Abramo (?), Agar (?) (particolare del portale sinistro del Portale Reale)",gotico,gotico-francese,assegnato,Portale Reale della cattedrale di Chartres: dall'epoca generica 'gotico' alla corrente più specifica 'gotico-francese'.
scena-di-corte-e-celebrazione-di-gonzaga,Scena di corte e celebrazione di Gonzaga (camera degli sposi),quattrocento,rinascimento-mantovano,assegnato,"Mantegna, Camera degli Sposi, Mantova (1465-1474): rientra nella scuola 'Rinascimento mantovano'."
smalto-enrico-blois-winchester,"Smalto con Enrico di Blois, arcivescovo di Winchester",romanico,arte-normanna,assegnato,"Smalto commissionato dal vescovo Enrico di Blois per Winchester nell'Inghilterra anglo-normanna: rientra nella corrente Arte normanna (Inghilterra, 1050-1200)."
spedale-degli-innocenti,Spedale degli Innocenti,quattrocento,umanesimo-fiorentino,assegnato,"Spedale degli Innocenti di Brunelleschi, Firenze (1419-1444): opera capitale del rinascimento fiorentino, si scende dal generico quattrocento alla scuola specifica."
spirito-santo-virtu-cardinali-cappella-portogallo,Lo Spirito Santo in forma di colomba tra le personificazioni delle virtu cardinali (decorazione della volta),quattrocento,rinascimento-fiorentino,assegnato,"Luca della Robbia, stessa Cappella del Cardinale del Portogallo a Firenze."
storie-di-noe-chiostro-verde,Storie di Noè: Diluvio e recessione delle acque / Sacrificio ed ebbrezza di Noe,quattrocento,umanesimo-fiorentino,assegnato,"Paolo Uccello, Chiostro Verde di Santa Maria Novella, Firenze: scuola piu specifica del generico Quattrocento."
storie-di-orffeo-mantegna,"Storie di Orfeo, pennacchi (Camera degli Sposi)",rinascimento-maturo,rinascimento-mantovano,assegnato,"Mantegna, pennacchi della Camera degli Sposi, Mantova (1465-1474): la corrente 'rinascimento-maturo' (1490-1527) non copre cronologicamente l'opera; si corregge con la scuola 'Rinascimento mantovano' (1450-1510), coerente sia per data sia per luogo."
tabernacolo-dei-linaioli,Tabernacolo dei Linaioli,quattrocento,umanesimo-fiorentino,assegnato,Beato Angelico a Firenze: scuola piu specifica del generico Quattrocento.
taccuino-disegni-giovannino,Taccuino di disegni (Leone e gazzella),tardogotico,gotico-cortese,assegnato,"Giovannino de' Grassi, disegnatore di corte a Bergamo/Milano (1380-1390, Italia settentrionale): rientra nella corrente Gotico cortese, più specifica del generico Tardogotico."
teleri-di-san-girolamo,Teleri di San Girolamo,,quattrocento-veneziano,assegnato,"Vittore Carpaccio, cicli per le Scuole veneziane (Venezia), coerente con l'altra opera di Carpaccio del lotto già collocata in 'quattrocento-veneziano'; nessuna data disponibile ma attività dell'artista interamente veneziana."
tentazione-adamo-eva-masolino,Tentazione di Adamo ed Eva (peccato originale),quattrocento,umanesimo-fiorentino,assegnato,"Affresco della Cappella Brancacci a Firenze (Masolino), nucleo fondativo del primo Rinascimento fiorentino: piu specifico del generico Quattrocento."
testa-di-santi-giorgio,Testa di santi Giorgio,,scuola-ferrarese,assegnato,"Cosmè Tura, pittore di corte a Ferrara per l'intera carriera (nessuna data disponibile, ma coerente con le altre opere ferraresi dell'artista nel lotto): rientra nella scuola 'Scuola ferrarese'."
torre-del-mangia-siena,Torre del Mangia,gotico-italiano,gotico-senese,assegnato,"Torre civica di Siena (1338-1348), stesso luogo e periodo della scuola senese trecentesca, più specifica del generico gotico-italiano."
trasfigurazione-beato-angelico,Trasfigurazione,quattrocento,umanesimo-fiorentino,assegnato,"Beato Angelico, convento di San Marco, Firenze: scuola piu specifica del generico Quattrocento."
trattato-architettura-filarete-facciata,Trattato di architettura (pagina con la facciata dell'Ospedale Maggiore),umanesimo-lombardo,sforzesco,assegnato,Trattato scritto da Filarete presso la corte sforzesca di Milano (raffigura l'Ospedale Maggiore); 'Firenze' e' solo la sede attuale del manoscritto (Bibl. Nazionale).
trattato-architettura-filarete-sforzinda,Trattato di architettura (pagina con la pianta di Sforzinda),umanesimo-lombardo,sforzesco,assegnato,Stesso trattato di Filarete per la corte sforzesca (progetto di Sforzinda); 'Firenze' e' solo la sede attuale del manoscritto.
tre-filosofi-giorgione,Tre filosofi,rinascimento-maturo-italia-settentrionale,scuola-veneziana,assegnato,"Giorgione, opera veneziana (1504 circa; 'Vienna' e' la sede museale attuale, Kunsthistorisches Museum): rientra nella scuola veneziana, piu' specifica della corrente nord-italiana."
tres-riches-heures-duc-berry,Très Riches Heures du Duc de Berry,gotico-internazionale,gotico-cortese,assegnato,"Fratelli De Limbourg per il duca di Berry (1413-1416, completato poi 1485-1489, Francia/Borgogna): rientra nella corrente Gotico cortese, più specifica del generico Gotico internazionale."
tributo-della-moneta,Tributo della moneta,quattrocento,umanesimo-fiorentino,assegnato,Affresco della Cappella Brancacci a Firenze (Masaccio): scuola piu specifica del generico Quattrocento.
trinita-masaccio,Trinita,quattrocento,umanesimo-fiorentino,assegnato,"Affresco di Santa Maria Novella a Firenze, opera chiave di Masaccio: scuola piu specifica del generico Quattrocento."
trionfi-di-cesare-in-gallia,Trionfi di Cesare in Gallia,quattrocento,rinascimento-mantovano,assegnato,"Mantegna, Trionfi di Cesare, ciclo per la corte gonzaghesca di Mantova (1485-1505; 'Londra' indica solo la sede della collezione attuale, Hampton Court): rientra nella scuola 'Rinascimento mantovano'."
trionfo-mardocheo-veronese,Il trionfo di Mardocheo,manierismo,scuola-veneziana,assegnato,"Paolo Veronese, opera veneziana matura, coerente con la Scuola veneziana esistente nell'albero."
trittico-con-la-madonna-in-trono-con-il-bambino-tra-i-santi-gregorio-gerolamo-am,"Trittico con la Madonna in trono con il Bambino tra i santi Gregorio, Gerolamo, Ambrogio e Agostino",quattrocento,quattrocento-veneziano,assegnato,"Antonio Vivarini e Giovanni d'Alemagna, bottega veneziana, Venezia (1446): rientra nella scuola 'Quattrocento veneziano'."
trittico-dei-frari,Trittico dei Frari,quattrocento,quattrocento-veneziano,assegnato,"Giovanni Bellini, basilica dei Frari, Venezia (1488): rientra nella scuola 'Quattrocento veneziano'."
trittico-del-roveto-ardente,Trittico del Roveto ardente,quattrocento-fiammingo,rinasc-nordico,assegnato,"Nicolas Froment e' pittore francese/provenzale (corte di Renato d'Angio' ad Aix-en-Provence), non fiammingo: corrente Rinascimento nordico piu' corretta di quella fiamminga."
trittico-di-san-giovenale,Trittico di San Giovenale (Madonna col Bambino in trono fra i santi),quattrocento,umanesimo-fiorentino,assegnato,"Prima opera nota di Masaccio, area fiorentina (Reggello, 1422): rientra nella scuola umanesimo-fiorentino, coerente con le altre opere dell'artista nel lotto."
ultima-cena-tintoretto-san-giorgio,Ultima cena,manierismo,scuola-veneziana,assegnato,"Tintoretto, San Giorgio Maggiore a Venezia: pittura veneziana matura (leggermente oltre il 1580 indicato, ma nessuna collocazione piu' adeguata disponibile)."
uomo-darme-bramante,Uomo d'arme,rinascimento-maturo,sforzesco,assegnato,Disegno di Bramante realizzato a Milano (1486 circa) durante la sua attività presso la corte sforzesca.
uomo-vitruviano,Uomo vitruviano,rinascimento-maturo,sforzesco,assegnato,"Disegno di Leonardo, elaborato a Milano (1490 circa) nell'ambito dei suoi studi per la corte sforzesca (trattatistica con Francesco di Giorgio Martini)."
vegliardi-moissac,Vegliardi (particolare della decorazione del timpano del portale sud),romanico,cluniacense,assegnato,"Particolare del portale di Moissac, priorato cluniacense."
venere-di-urbino-tiziano,Venere di Urbino,rinascimento-maturo-italia-settentrionale,scuola-veneziana,assegnato,Tiziano (dipinta a Venezia per Guidobaldo della Rovere): rientra nella scuola veneziana.
venere-dormiente-giorgione-tiziano,Venere dormiente,rinascimento-maturo-italia-settentrionale,scuola-veneziana,assegnato,"Giorgione e Tiziano, opera veneziana (1508-1512; 'Dresda' e' la sede museale attuale): rientra nella scuola veneziana."
vergine-delle-rocce-seconda,Vergine delle rocce (seconda versione),rinascimento-maturo,sforzesco,assegnato,"Seconda versione dipinta per la stessa confraternita milanese della prima Vergine delle rocce, eseguita perlopiù a Milano (1491-1508): coerente con il 'Periodo sforzesco'."
vertumno-pomona-pontormo,Vertumno e Pomona,manierismo,primo-manierismo-fiorentino,assegnato,"Affresco di Pontormo a Poggio a Caiano (villa medicea), 1519-1521: rientra nella finestra cronologica e regionale (Toscana) del Primo Manierismo fiorentino."
vetrata-carlo-magno-chartres,Vetrata di Carlo Magno (vetrata del deambulatorio),gotico,gotico-francese,assegnato,"Vetrata della cattedrale di Chartres: il contenitore attuale è l'epoca generica 'gotico', va specificata la corrente 'gotico-francese'."
vetrate-rosone-sainte-chapelle,Dettaglio delle vetrate del rosone,gotico,gotico-francese,assegnato,Vetrate della Sainte-Chapelle di Parigi: dall'epoca generica 'gotico' alla corrente più specifica 'gotico-francese'.
villa-medicea-cafaggiolo,Villa medicea di Cafaggiolo,quattrocento,umanesimo-fiorentino,assegnato,"Michelozzo per i Medici (villa di famiglia): scuola piu specifica del generico Quattrocento, coerente con il network di committenza fiorentina."
visitazione-pontormo-carmignano,Visitazione,manierismo,primo-manierismo-fiorentino,assegnato,"Pontormo, Carmignano (Toscana), 1528-1529: rientra nel Primo Manierismo fiorentino."
volta-della-camera-degli-sposi,Volta della Camera degli Sposi,quattrocento,rinascimento-mantovano,assegnato,"Mantegna, oculo della Camera degli Sposi, Mantova (1465-1474): rientra nella scuola 'Rinascimento mantovano'."
abbazia-cluny-iii,Abbazia di Cluny III,cluniacense,cluniacense,invariato,Abbazia di Cluny gia correttamente collocata; nessuna scuola piu specifica esiste.
adorazione-dei-magi-botticelli,Adorazione dei Magi,rinascimento-fiorentino,rinascimento-fiorentino,invariato,"Botticelli, opera fiorentina, gia' correttamente collocata."
adorazione-dei-magi-leonardo,Adorazione dei Magi,rinascimento-fiorentino,rinascimento-fiorentino,invariato,"Leonardo, commissione fiorentina di San Donato a Scopeto, gia' correttamente collocata."
adorazione-magi-stefano-da-verona,Adorazione dei Magi,tardogotico,tardogotico,invariato,"Stefano da Verona, Gotico Internazionale veneto: citta non indicata e informazioni insufficienti per una collocazione piu specifica; nessuna scuola dedicata esistente."
adorazione-pastori-el-greco,Adorazione dei pastori,controriforma,controriforma,invariato,"El Greco, opera del suo tardo periodo a Toledo (Madrid è la sede museale attuale, Prado), non legata al cantiere di El Escorial: nessuna scuola specifica esiste per Toledo/El Greco, resta alla corrente 'controriforma'."
affreschi-aula-gotica-santi-quattro-coronati,Affreschi dell'Aula Gotica,duecento-italiano,duecento-italiano,invariato,"Ciclo romano: già alla corrente più specifica disponibile (duecento-italiano, Lazio)."
affreschi-cappella-sancta-sanctorum,Affreschi della cappella del Sancta Sanctorum,duecento-italiano,duecento-italiano,invariato,Ciclo romano: già alla corrente più specifica disponibile (duecento-italiano).
affreschi-oratorio-san-silvestro,Ciclo di affreschi dell'oratorio di San Silvestro,duecento-italiano,duecento-italiano,invariato,Ciclo romano: già alla corrente più specifica disponibile (duecento-italiano).
allegoria-buon-governo-ambrogio,Allegoria del Buon Governo,gotico-senese,gotico-senese,invariato,Ambrogio Lorenzetti a Siena (1337-1340): gia nella scuola senese trecentesca.
allegoria-cattivo-governo,Allegoria del Cattivo Governo,gotico-senese,gotico-senese,invariato,Ambrogio Lorenzetti a Siena (1337-1340): gia nella scuola senese trecentesca.
allegoria-della-primavera,Allegoria della Primavera,rinascimento-fiorentino,rinascimento-fiorentino,invariato,"Botticelli, opera fiorentina, gia' correttamente collocata."
altare-isenheim,Altare di Isenheim (Crocifissione),rinasc-nordico,rinasc-nordico,invariato,"Grünewald, Altare di Isenheim a Colmar (1512-1516): la scuola 'Arte tedesca del Quattrocento' si ferma al 1500 e non copre questa data; nessuna scuola specifica successiva esiste, resta alla corrente 'Rinascimento nordico'."
ambasciatori-holbein,Gli Ambasciatori,rinasc-nordico,rinasc-nordico,invariato,"Holbein il Giovane, ritratto dipinto a Londra per la corte di Enrico VIII (1533): nessuna scuola dedicata alla corte Tudor esiste in albero, resta alla corrente 'Rinascimento nordico'."
ambone-epistola-ravello,Ambone dell'Epistola,romanico-italiano,romanico-italiano,invariato,"Opera anonima di Ravello: nessuna scuola specifica per la Costiera amalfitana nell'albero, resta alla corrente romanico-italiano."
ambone-guarna-salerno,Ambone Guarna della cattedrale di San Matteo,romanico-italiano,romanico-italiano,invariato,Opera anonima di Salerno: nessuna scuola specifica nell'albero.
angelo-tubicinario-strasburgo,Angelo tubicinario (particolare del Pilier des Anges),gotico-tedesco,gotico-tedesco,invariato,"Scultura del Pilier des Anges di Strasburgo: di ambito renano-francese, non riconducibile alla scuola rinascenza-sveva (di ambito sveva/imperiale); resta alla corrente gotico-tedesco."
annunciazione-arcangelo-simone,Annunciazione (particolare con l'arcangelo Gabriele),gotico-senese,gotico-senese,invariato,"Simone Martini e Lippo Memmi (1333): pala eseguita per il Duomo di Siena, gia nella scuola senese trecentesca."
annunciazione-leonardo,Annunciazione,rinascimento-fiorentino,rinascimento-fiorentino,invariato,"Leonardo a Firenze, gia' correttamente collocata nel Rinascimento fiorentino."
annunciazione-memling,Annunciazione,quattrocento-fiammingo,quattrocento-fiammingo,invariato,"Hans Memling, pittore fiammingo di Bruges, gia' correttamente collocato; 'New York' e' la sede museale attuale."
annunciazione-porta-nord-ghiberti,Annunciazione (formella della Porta Nord),umanesimo-fiorentino,umanesimo-fiorentino,invariato,"Porta Nord del battistero di Firenze, Ghiberti (1403-1424): già correttamente collocata."
annunciazione-simone-memmi,Annunciazione,gotico-senese,gotico-senese,invariato,Simone Martini e Lippo Memmi (1333): gia nella scuola senese trecentesca.
annunciazione-vaso-gigli-simone,Annunciazione (particolare del vaso con i gigli),gotico-senese,gotico-senese,invariato,Simone Martini e Lippo Memmi (1333): gia nella scuola senese trecentesca.
annuncio-a-zaccaria-benevento,Annuncio a Zaccaria,eta-longobarda,eta-longobarda,invariato,"Ducato longobardo di Benevento (fine VIII - inizio IX sec.), regione esplicitamente inclusa in Eta longobarda: gia correttamente collocata."
apollo-e-dafni-perugino,Apollo e Dafni,rinascimento-fiorentino,rinascimento-fiorentino,invariato,Piccolo pannello mitologico di ambito fiorentino di Perugino (1483 circa); nessuna scuola più specifica individuabile con le informazioni disponibili.
apparizione-croce-costantino,Apparizione della Croce a Costantino,rinascimento-maturo,rinascimento-maturo,invariato,"Giulio Romano, Sala di Costantino in Vaticano: fase romana pre-mantovana, isolata nel lotto (solo 2 opere), non abbastanza per una scuola dedicata; resta al livello di corrente gia' assegnato."
arco-di-costantino-roma,Arco di Costantino,arte-paleocristiana,arte-paleocristiana,invariato,Gia' collocato in arte-paleocristiana; nessuna scuola piu' specifica disponibile nell'albero.
arco-di-settimio-severo-roma,Arco di Settimio Severo,tarda-antichita,tarda-antichita,invariato,"Arco severiano del 203 d.C., precedente all'arco cronologico dell'albero; nessuna collocazione piu' precisa disponibile."
arco-di-tito-roma,Arco di Tito,tarda-antichita,tarda-antichita,invariato,"Monumento romano dell'81 d.C., precedente all'arco cronologico dell'albero (che inizia con la Tarda Antichita', 284 d.C.); nessuna collocazione piu' precisa disponibile."
arrotino,Uomo che affila un coltello (Arrotino),umanesimo-fiorentino,umanesimo-fiorentino,invariato,"Scultura antica (II sec. a.C.); come per lo Spinario, nessun periodo dell'albero copre l'arte antica: resta come modello antico nel contesto dell'Umanesimo fiorentino."
autoritratto-leonardo,Autoritratto,rinascimento-maturo,rinascimento-maturo,invariato,"Disegno attribuito a Leonardo (1517-1518 secondo la datazione fornita, sebbene la critica proponga spesso una data anteriore), periodo di trasferimento alla corte di Francesco I in Francia; 'Torino' e' la sede museale attuale (Biblioteca Reale). Opera isolata, nessuna scuola francese dedicata a Leonardo esiste nell'albero: si mantiene la corrente generica italiana, coerente con lo stile e la nazionalita' dell'artista."
bacio-giuda-duccio,Bacio di Giuda (scomparto della Maestà),gotico-senese,gotico-senese,invariato,"Duccio di Buoninsegna, scomparto della Maesta (1308-1311): gia nella scuola senese trecentesca."
basilica-costantiniana-treviri,Basilica costantiniana di Treviri (Aula Palatina),arte-paleocristiana,arte-paleocristiana,invariato,"Edificio tardoromano di Treviri; 'arte-paleocristiana' e' la collocazione piu' ampia disponibile, nessuna scuola specifica per l'area germanica in questo periodo."
basilica-palladiana-vicenza,Basilica Palladiana,manierismo,manierismo,invariato,"Palladio, Vicenza: unica opera del lotto in questo contesto, nessuna scuola vicentina/palladiana esiste in albero; non sufficiente per proporne una nuova."
basilica-san-clemente-roma,Basilica superiore di San Clemente al Laterano,romanico-italiano,romanico-italiano,invariato,Edificio romano anonimo: nessuna scuola romana specifica nell'albero per l'architettura di questo periodo.
basilica-san-francesco-assisi,Basilica di San Francesco,gotico-italiano,gotico-italiano,invariato,"Edificio anonimo di Assisi: nessuna scuola specifica per l'architettura francescana nell'albero, resta a livello di corrente."
basilica-san-francesco-bologna,Basilica di San Francesco a Bologna,gotico-italiano,gotico-italiano,invariato,"Edificio bolognese isolato: nessuna scuola specifica nell'albero, resta a livello di corrente gotico-italiano."
basilica-san-lorenzo-maggiore-milano,Basilica di San Lorenzo Maggiore,arte-paleocristiana,arte-paleocristiana,invariato,Basilica ambrosiana di Milano (fine IV - inizio V sec.): gia correttamente in Arte paleocristiana.
basilica-san-lorenzo-napoli,Basilica di San Lorenzo Maggiore,gotico-italiano,gotico-italiano,invariato,"Edificio napoletano isolato: nessuna scuola gotica per Napoli in questo periodo nell'albero (rinascimento-napoletano è quattrocentesca), resta a livello di corrente."
basilica-san-marco-venezia,Basilica di San Marco,romanico-italiano,romanico-italiano,invariato,Edificio architettonico veneziano; nessuna scuola sotto Romanico italiano e pertinente all'architettura di Venezia.
basilica-san-vitale-ravenna,Basilica di San Vitale,eta-giustinianea,eta-giustinianea,invariato,Monumento chiave dell'eta giustinianea a Ravenna (526-547): gia correttamente collocato.
basilica-sant-apollinare-in-classe,Basilica di Sant'Apollinare in Classe,eta-giustinianea,eta-giustinianea,invariato,"Basilica ravennate consacrata nel 549, eta giustinianea: gia correttamente collocata."
basilica-santa-maria-antiqua-roma,Basilica di Santa Maria Antiqua al Foro Romano,arte-paleocristiana,arte-paleocristiana,invariato,Basilica paleocristiana romana gia' correttamente collocata; nessuna scuola piu' specifica disponibile.
basilica-santa-maria-assunta-torcello,Basilica di Santa Maria Assunta a Torcello,romanico-italiano,romanico-italiano,invariato,"Edificio architettonico di Torcello; le scuole sotto Romanico italiano riguardano pittura e Sicilia normanna, nessuna pertinente all'architettura veneziana."
basilica-santa-maria-cosmedin-roma,Basilica di Santa Maria in Cosmedin,romanico-italiano,romanico-italiano,invariato,"Edificio romano anonimo: nessuna scuola specifica nell'albero, resta alla corrente romanico-italiano."
basilica-santa-maria-novella-firenze,Basilica di Santa Maria Novella,gotico-italiano,gotico-italiano,invariato,"Edificio fiorentino isolato: nessuna scuola gotica specifica per Firenze in questo periodo nell'albero, resta a livello di corrente."
basilica-santa-maria-trastevere-roma,Basilica di Santa Maria in Trastevere,romanico-italiano,romanico-italiano,invariato,Edificio romano anonimo: nessuna scuola più specifica nell'albero.
basilica-santa-sabina-roma,Basilica di Santa Sabina a Roma,arte-paleocristiana,arte-paleocristiana,invariato,Basilica paleocristiana romana gia' correttamente collocata; nessuna scuola piu' specifica disponibile nell'albero.
basilica-santa-sofia-costantinopoli,Basilica di Santa Sofia,eta-giustinianea,eta-giustinianea,invariato,"Santa Sofia di Costantinopoli, eta giustinianea (532-537): gia correttamente collocata."
basilica-santi-cosma-damiano-roma,Basilica dei Santi Cosma e Damiano,arte-paleocristiana,arte-paleocristiana,invariato,Basilica paleocristiana di Roma (526-530): gia correttamente in Arte paleocristiana.
battaglia-di-anghiari,Battaglia di Anghiari (perduta),rinascimento-maturo,rinascimento-maturo,invariato,"Commissione della Repubblica fiorentina a Leonardo (1503-1506); la scuola 'rinascimento-fiorentino' copre solo fino al 1500, quindi si mantiene la corrente generica."
battaglia-di-cascina-cartone,"Battaglia di Càscina (cartone preparatorio, perduto)",rinascimento-maturo,rinascimento-maturo,invariato,Commissione della Repubblica fiorentina a Michelangelo (1504-1506): nessuna scuola più specifica disponibile per questa fase.
battaglia-di-centauri,Battaglia di centauri,rinascimento-maturo,rinascimento-maturo,invariato,"Rilievo giovanile di Michelangelo, ambito del giardino mediceo a Firenze: nessuna scuola più specifica del livello di corrente è disponibile per questa fase."
battesimo-di-cristo-verrocchio-leonardo,Battesimo di Cristo,rinascimento-fiorentino,rinascimento-fiorentino,invariato,"Bottega di Verrocchio a Firenze con Leonardo, gia' correttamente collocata nel Rinascimento fiorentino."
battistero-degli-ariani-cupola,Cupola del Battistero degli Ariani,regno-ostrogoto,regno-ostrogoto,invariato,Battistero ariano voluto da Teodorico a Ravenna: gia correttamente nella corrente Regno ostrogoto.
battistero-degli-ariani-ravenna,Battistero degli Ariani,regno-ostrogoto,regno-ostrogoto,invariato,Battistero ariano voluto da Teodorico a Ravenna: gia correttamente nella corrente Regno ostrogoto.
battistero-lateranense-roma,Battistero Lateranense,arte-paleocristiana,arte-paleocristiana,invariato,"Battistero paleocristiano di Roma (inizio IV secolo): nessuna scuola più specifica esiste per questo periodo, resta alla corrente 'arte-paleocristiana'."
battistero-neoniano-cupola,Cupola del Battistero Neoniano o degli Ortodossi,arte-paleocristiana,arte-paleocristiana,invariato,"Cupola del Battistero Neoniano, Ravenna (meta V sec.): gia correttamente in Arte paleocristiana."
battistero-neoniano-esterno,Esterno del Battistero Neoniano (o degli Ortodossi),arte-paleocristiana,arte-paleocristiana,invariato,Battistero Neoniano di Ravenna (400-458): gia correttamente in Arte paleocristiana.
battistero-san-giovanni-alle-fonti-milano,Battistero di San Giovanni alle Fonti,arte-paleocristiana,arte-paleocristiana,invariato,Battistero ambrosiano di Milano (378-397): collocazione in Arte paleocristiana gia corretta e specifica quanto possibile nell'albero.
battistero-san-giovanni-firenze,Battistero di San Giovanni,romanico-italiano,romanico-italiano,invariato,"Edificio architettonico fiorentino; le uniche scuole sotto Romanico italiano riguardano la pittura e la Sicilia normanna, nessuna pertinente all'architettura fiorentina."
bella-giardiniera,Madonna con il Bambino e san Giovannino (detta Bella giardiniera),rinascimento-maturo,rinascimento-maturo,invariato,"Raffaello, opera del periodo fiorentino (1507-1508; 'Parigi' e' la sede museale attuale, Louvre): resta alla corrente generica."
belle-ferronniere,Ritratto di dama (detta La Belle Ferronnière),sforzesco,sforzesco,invariato,Ritratto femminile della corte sforzesca di Milano: collocazione già corretta.
bibbia-di-carlo-il-calvo,Bibbia di Carlo il Calvo,eta-carolingia,eta-carolingia,invariato,"Manoscritto isolato nel lotto, riconducibile alla corte di Carlo il Calvo ma senza altre opere della stessa bottega presenti: resta a livello di corrente."
biblioteca-laurenziana,Biblioteca Laurenziana (vestibolo e sala di lettura),manierismo,manierismo,invariato,"Michelangelo e Ammannati, Firenze, cantiere che si estende su decenni (1524-1568): resta al livello di corrente, nessuna scuola specifica pertinente."
broletto-di-como,Broletto di Como,gotico-italiano,gotico-italiano,invariato,"Edificio comasco isolato: nessuna scuola lombarda per l'architettura di questo periodo nell'albero, resta alla corrente gotico-italiano."
buon-pastore-mausoleo-galla-placidia,"Buon Pastore (mosaico, lunetta)",arte-paleocristiana,arte-paleocristiana,invariato,"Mosaico del Mausoleo di Galla Placidia, Ravenna: gia correttamente in Arte paleocristiana."
busto-federico-ii,Busto di Federico II,arte-federiciana,arte-federiciana,invariato,"Corrisponde esattamente alla scuola arte-federiciana (corte di Federico II, Puglia)."
busto-giuliano-de-medici-verrocchio,Giuliano de' Medici,rinascimento-fiorentino,rinascimento-fiorentino,invariato,"Verrocchio, scultore fiorentino; 'Washington D.C.' e' la sede museale attuale. Gia' correttamente collocato."
calliope-o-erato,Calliope (o Erato),scuola-ferrarese,scuola-ferrarese,invariato,"Cosme Tura, già correttamente collocato nella 'Scuola ferrarese'."
campanile-santa-maria-del-fiore,Campanile della cattedrale di Santa Maria del Fiore,gotico-italiano,gotico-italiano,invariato,"Cantiere con due fasi autoriali distinte e successive (Giotto dal 1334, poi Andrea Pisano e infine Francesco Talenti): non riconducibile a una singola bottega/scuola."
canestra-frutta-caravaggio,La canestra di frutta,barocco,barocco,invariato,"Caravaggio, natura morta del periodo romano (Milano è la sede museale attuale, Pinacoteca Ambrosiana): opera isolata nel lotto, non legata a un cantiere specifico; nessuna scuola più specifica del 'Barocco' è disponibile."
capitelli-sainte-marie-madeleine-vezelay,Capitelli della navata centrale di Sainte-Marie-Madeleine,cluniacense,cluniacense,invariato,Vézelay era priorato cluniacense: collocazione già corretta e specifica.
capitello-davide-golia-vezelay,Davide e Golia (capitello della navata centrale),cluniacense,cluniacense,invariato,Stessa motivazione degli altri capitelli di Vézelay: priorato cluniacense.
capitello-eva-serpente-laach,Eva e il Serpente in Paradiso (capitello del portico d'ingresso),romanico,romanico,invariato,Capitello della chiesa tedesca di Maria Laach; nessuna corrente specifica per il romanico renano esiste in albero.
capitello-fiumi-paradiso-cluny,Fiumi del Paradiso (capitello dal coro della chiesa abbaziale),cluniacense,cluniacense,invariato,Capitello di Cluny gia correttamente collocato in Arte cluniacense; nessuna scuola piu specifica esiste.
capitello-mulino-mistico-vezelay,Il Mulino Mistico (capitello della navata centrale),cluniacense,cluniacense,invariato,Stessa motivazione degli altri capitelli di Vézelay: priorato cluniacense.
capitello-pulvino-san-giovanni-evangelista,Capitello e pulvino di una delle colonne della navata centrale,arte-paleocristiana,arte-paleocristiana,invariato,"Elemento architettonico della chiesa di San Giovanni Evangelista, Ravenna: gia correttamente in Arte paleocristiana."
cappella-colleoni-facciata,Facciata della cappella Colleoni,umanesimo-lombardo,umanesimo-lombardo,invariato,"Giovanni Antonio Amadeo a Bergamo (dominio veneziano, non sforzesco): resta nella scuola lombarda regionale, gia' corretta."
cappella-palatina-aquisgrana,Cappella Palatina,eta-carolingia,eta-carolingia,invariato,"Cappella Palatina di Carlo Magno ad Aquisgrana (794-805), opera di Oddo di Metz: gia correttamente in Eta carolingia."
cappella-palatina-palermo,Cappella Palatina,romanico-normanno-siciliano,romanico-normanno-siciliano,invariato,Già correttamente collocata nella scuola romanico-normanno-siciliano.
cappella-reale-kings-college,Cappella Reale del King's College,gotico-fiorito,gotico-fiorito,invariato,"Architettura del Perpendicular Gothic inglese: gia nella corrente piu specifica esistente, nessuna scuola dedicata a questa fase e presente nell'albero."
capsella-di-samagher,Capsella di Samagher,arte-paleocristiana,arte-paleocristiana,invariato,Manufatto paleocristiano gia' correttamente collocato; nessuna scuola piu' specifica disponibile.
capua-fidelis-testa-femminile,Capua Fidelis (testa femminile dalla Porta di Capua),arte-federiciana,arte-federiciana,invariato,Corrisponde esattamente alla scuola arte-federiciana (Porta di Capua).
castel-del-monte,Castel del Monte,arte-federiciana,arte-federiciana,invariato,Corrisponde esattamente alla scuola arte-federiciana.
castel-santangelo,Castel Sant'Angelo,quattrocento,quattrocento,invariato,"Nucleo antico (mausoleo di Adriano) trasformato in fortezza verso il 1450; nessuna scuola specifica per Roma esiste sotto Quattrocento, quindi resta al livello di corrente."
castello-sforzesco-torre-ingresso,Castello Sforzesco (torre d'ingresso),sforzesco,sforzesco,invariato,"Opera di Filarete per il Castello Sforzesco di Milano, gia' correttamente collocata nel Periodo sforzesco."
cattedra-di-massimiano,Cattedra di Massimiano,eta-giustinianea,eta-giustinianea,invariato,"Cattedra eburnea del vescovo Massimiano, Ravenna, eta giustinianea (546-554): gia correttamente collocata."
cattedra-di-pietro-vaticano,Cattedra di Pietro,eta-carolingia,eta-carolingia,invariato,"Trono ligneo-avorio legato a Carlo il Calvo; opera isolata nel lotto, nessuna scuola specifica pertinente."
cattedrale-cefalù,Cattedrale del Santissimo Salvatore di Cefalù,romanico-normanno-siciliano,romanico-normanno-siciliano,invariato,Già correttamente collocata nella scuola romanico-normanno-siciliano.
cattedrale-di-canterbury-interno,Interno della cattedrale di Nostro Signore Gesù Cristo,early-english-gothic,early-english-gothic,invariato,Già correttamente collocata nella scuola early-english-gothic.
cattedrale-di-colonia,Cattedrale dei Santi Pietro e Maria di Colonia,gotico-tedesco,gotico-tedesco,invariato,"Cattedrale di ambito renano-francese, non riconducibile alla scuola rinascenza-sveva (scultura sveva/imperiale); resta alla corrente gotico-tedesco."
cattedrale-di-leon,"Cattedrale di Santa Maria de Regla, León",gotico-spagnolo,gotico-spagnolo,invariato,Già alla corrente più specifica disponibile (gotico-spagnolo); nessuna scuola dedicata a León nell'albero.
cattedrale-di-salisbury,Cattedrale della Beata Vergine Maria (Cattedrale di Salisbury),early-english-gothic,early-english-gothic,invariato,"Corrisponde esattamente alla scuola early-english-gothic (1220-1258, Inghilterra)."
cattedrale-di-strasburgo,Cattedrale di Notre-Dame di Strasburgo,gotico-tedesco,gotico-tedesco,invariato,Già alla corrente più specifica disponibile; nessuna scuola dedicata a Strasburgo nell'albero.
cattedrale-durham,Interno della cattedrale di Durham,arte-normanna,arte-normanna,invariato,Cattedrale anglo-normanna gia correttamente collocata in Arte normanna.
cattedrale-lund,Cattedrale di Lund,romanico,romanico,invariato,"Cattedrale scandinava (Lund); nessuna corrente specifica per il romanico nordico esiste in albero, resta a livello di epoca."
cattedrale-lund-cripta,Interno della cripta della cattedrale di Lund,romanico,romanico,invariato,Stesso edificio di Lund; nessuna corrente specifica pertinente.
cattedrale-notre-dame-chartres,Cattedrale di Notre-Dame a Chartres,gotico-francese,gotico-francese,invariato,Già alla corrente più specifica disponibile (gotico-francese); nessuna scuola dedicata a Chartres nell'albero.
cattedrale-notre-dame-parigi,Cattedrale di Notre-Dame a Parigi,gotico-francese,gotico-francese,invariato,"Cantiere distinto da quello di Saint-Denis (nessun legame con Suger): resta alla corrente gotico-francese, già la più specifica disponibile."
cattedrale-notre-dame-reims,Cattedrale di Notre-Dame a Reims,gotico-francese,gotico-francese,invariato,Già alla corrente più specifica disponibile (gotico-francese); nessuna scuola dedicata a Reims nell'albero.
cattedrale-orvieto,Cattedrale di Santa Maria Assunta di Orvieto,gotico-italiano,gotico-italiano,invariato,"Cantiere pluridecennale e pluriautoriale (Lorenzo Maitani e, molto piu tardi, Andrea Orcagna): l'opera copre l'intero edificio nel tempo, non e attribuibile a una singola bottega/scuola specifica."
cattedrale-san-lorenzo-genova,Cattedrale di San Lorenzo,romanico-italiano,romanico-italiano,invariato,Cattedrale genovese; nessuna scuola sotto Romanico italiano e pertinente all'architettura ligure.
cattedrale-sant-andrea-amalfi,Cattedrale di Sant'Andrea ad Amalfi,romanico-italiano,romanico-italiano,invariato,Opera isolata (Amalfi): nessuna scuola specifica per la Costiera amalfitana nell'albero.
cattedrale-santa-maria-assunta-pisa,Cattedrale di Santa Maria Assunta (Duomo di Pisa),romanico-italiano,romanico-italiano,invariato,Duomo di Pisa; nessuna scuola specifica per l'architettura pisana esiste sotto Romanico italiano.
cattedrale-santa-maria-assunta-siena,Cattedrale di Santa Maria Assunta,gotico-italiano,gotico-italiano,invariato,"Il Duomo di Siena (1226-1377) eccede l'intervallo della scuola gotico-senese (1270-1350, pittura trecentesca): resta alla corrente gotico-italiano."
cattedrale-santa-maria-assunta-siena-interno,Interno della cattedrale di Santa Maria Assunta,gotico-italiano,gotico-italiano,invariato,"Stessa motivazione della voce sul Duomo di Siena (edificio, non pittura senese trecentesca)."
cattedrale-santa-maria-del-fiore,Cattedrale di Santa Maria del Fiore,gotico-italiano,gotico-italiano,invariato,"Cantiere plurisecolare con tre architetti citati (Arnolfo di Cambio, Francesco Talenti, Filippo Brunelleschi) che attraversa Gotico e Rinascimento: non riconducibile a una singola scuola."
cattedrale-santa-maria-nuova-monreale,Cattedrale di Santa Maria Nuova a Monreale,romanico-normanno-siciliano,romanico-normanno-siciliano,invariato,Già correttamente collocata nella scuola romanico-normanno-siciliano.
cattedrale-spira-i,Cattedrale dei Santi Maria e Stefano a Spira (Spira I),romanico,romanico,invariato,"Cattedrale tedesca (Spira); nessuna corrente/scuola specifica per il romanico tedesco esiste in albero, resta a livello di epoca."
cattedrale-spira-ii,Cattedrale dei Santi Maria e Stefano a Spira (Spira II),romanico,romanico,invariato,"Seconda fase della cattedrale di Spira; stessa situazione della prima fase, nessuna corrente tedesca specifica in albero."
cattedrale-winchester,Esterno della cattedrale di Winchester,arte-normanna,arte-normanna,invariato,Cattedrale anglo-normanna gia correttamente collocata in Arte normanna.
cavaliere-di-bamberga,Cavaliere (decorazione scultorea del coro orientale),rinascenza-sveva,rinascenza-sveva,invariato,"Corrisponde esattamente alla scuola rinascenza-sveva (Bamberga, 1230 circa)."
chiesa-abbaziale-centula,Chiesa abbaziale di Centula (Saint-Riquier),eta-carolingia,eta-carolingia,invariato,Abbazia carolingia di Centula/Saint-Riquier (fine VIII sec.): gia correttamente in Eta carolingia.
chiesa-abbaziale-fontenay,Chiesa abbaziale di Fontenay,cistercense,cistercense,invariato,Già correttamente collocata (abbazia cistercense di Fontenay).
chiesa-abbaziale-fossanova,Chiesa abbaziale di Fossanova,gotico-cistercense,gotico-cistercense,invariato,Già correttamente collocata nella corrente gotico-cistercense.
chiesa-abbaziale-jumiege,Chiesa abbaziale di Notre-Dame de Jumièges,arte-normanna,arte-normanna,invariato,Abbazia normanna gia correttamente collocata in Arte normanna; nessuna scuola piu specifica esiste.
chiesa-abbaziale-lessay,Interno della chiesa abbaziale della Santissima Trinità,arte-normanna,arte-normanna,invariato,Abbazia normanna gia correttamente collocata; nessuna scuola piu specifica esiste.
chiesa-abbaziale-sainte-foy-conques,Interno della chiesa abbaziale di Sainte-Foy,romanico,romanico,invariato,"Abbazia di Conques, tappa dei cammini di pellegrinaggio verso Santiago; opera isolata nel lotto (non condivide bottega/committenza diretta con le altre chiese di pellegrinaggio presenti), resta a livello di epoca."
chiesa-gesu-vignola,Chiesa del Gesù,controriforma,controriforma,invariato,"Chiesa madre della Compagnia di Gesu' a Roma: collocazione gia' corretta e piu' specifica possibile (corrente Controriforma), nessuna scuola piu' fine disponibile."
chiesa-inferiore-san-francesco-assisi,Chiesa inferiore di San Francesco,gotico-italiano,gotico-italiano,invariato,Stessa motivazione della basilica di Assisi.
chiesa-notre-dame-poitiers,Interno della chiesa di Notre-Dame la Grande,romanico,romanico,invariato,"Chiesa del Poitou (Francia); non rientra in Cluniacense, Cistercense o Arte normanna, nessuna corrente specifica pertinente, resta a livello di epoca."
chiesa-san-cataldo-palermo,Chiesa di San Cataldo,romanico-normanno-siciliano,romanico-normanno-siciliano,invariato,Già correttamente collocata nella scuola romanico-normanno-siciliano.
chiesa-san-ciriaco-gernrode,Chiesa abbaziale di San Ciriaco,arte-ottoniana,arte-ottoniana,invariato,Chiesa ottoniana tedesca gia correttamente collocata; nessuna scuola piu specifica esiste sotto Arte ottoniana.
chiesa-san-giovanni-eremiti-palermo,Chiesa di San Giovanni degli Eremiti,romanico-normanno-siciliano,romanico-normanno-siciliano,invariato,Già correttamente collocata nella scuola romanico-normanno-siciliano.
chiesa-san-giovanni-evangelista-ravenna,Chiesa di San Giovanni Evangelista,arte-paleocristiana,arte-paleocristiana,invariato,Chiesa voluta da Galla Placidia a Ravenna (425-437): gia correttamente in Arte paleocristiana.
chiesa-san-michele-hildesheim,Chiesa di San Michele a Hildesheim,arte-ottoniana,arte-ottoniana,invariato,Chiesa di Bernward a Hildesheim gia correttamente collocata in Arte ottoniana.
chiesa-san-miniato-al-monte-firenze,Chiesa abbaziale di San Miniato al Monte,romanico-italiano,romanico-italiano,invariato,Edificio architettonico fiorentino; nessuna scuola sotto Romanico italiano e pertinente all'architettura di Firenze.
chiesa-sant-apollinare-nuovo-ravenna,Chiesa di Sant'Apollinare Nuovo,regno-ostrogoto,regno-ostrogoto,invariato,Chiesa palatina di Teodorico a Ravenna (505): gia correttamente nella corrente Regno ostrogoto.
chiesa-santa-maria-ammiraglio-martorana,Chiesa di Santa Maria dell'Ammiraglio (Martorana),romanico-normanno-siciliano,romanico-normanno-siciliano,invariato,Già correttamente collocata nella scuola romanico-normanno-siciliano.
chiesa-santa-maria-laach,Chiesa abbaziale di Santa Maria Laach,romanico,romanico,invariato,Chiesa abbaziale tedesca; nessuna corrente specifica per il romanico renano esiste in albero.
chiesa-santa-sofia-benevento,Chiesa di Santa Sofia a Benevento,eta-longobarda,eta-longobarda,invariato,"Chiesa del ducato longobardo di Benevento (ca. 760), esplicitamente incluso tra le regioni di Eta longobarda: gia correttamente collocata, non emerge un nucleo di piu opere sufficiente per una scuola dedicata."
chiesa-santi-sergio-e-bacco-costantinopoli,Chiesa dei Santi Sergio e Bacco,eta-giustinianea,eta-giustinianea,invariato,Chiesa costantinopolitana di eta giustinianea (527-536): gia correttamente collocata.
chiesa-santisidoro-leon,Chiesa di Sant'Isidoro a León,romanico,romanico,invariato,"Chiesa spagnola (Leon); nessuna corrente per il romanico spagnolo esiste in albero (solo il gotico spagnolo e presente), resta a livello di epoca."
chiesa-superiore-san-francesco-assisi,Chiesa superiore di San Francesco,gotico-italiano,gotico-italiano,invariato,Stessa motivazione della basilica di Assisi.
chiostro-cattedrale-gloucester,Chiostro della cattedrale di San Pietro e della Santa e Indivisibile Trinità,gotico-fiorito,gotico-fiorito,invariato,Gotico inglese perpendicular/fiorito a Gloucester (XIV secolo): il periodo Gotico fiorito include esplicitamente l'Inghilterra fra le regioni ed e gia il contenitore piu specifico disponibile per questo stile.
chiostro-santa-maria-della-pace,Chiostro di Santa Maria della Pace,rinascimento-maturo,rinascimento-maturo,invariato,"Intervento romano di Bramante (1500-1504), fase già successiva al periodo sforzesco milanese; nessuna scuola specifica per la Roma di questi anni è presente in albero."
ciclo-affreschi-cappella-san-martino-assisi,Ciclo di affreschi della cappella di San Martino,gotico-senese,gotico-senese,invariato,"Simone Martini ad Assisi (1315-1317): pittore senese, gia nella scuola senese trecentesca."
ciclo-battistero-padova-menabuoi,Ciclo del battistero del duomo di Padova,scuola-giottesca-veneta,scuola-giottesca-veneta,invariato,Giusto de' Menabuoi a Padova (1375-1378): già correttamente collocato nella scuola giottesca veneta.
ciclo-dei-mesi-salone-dei-mesi,Salone dei Mesi (Palazzo Schifanoia),scuola-ferrarese,scuola-ferrarese,invariato,Già correttamente collocato nella 'Scuola ferrarese'.
cisterna-regia-costantinopoli,Cisterna Regia,eta-giustinianea,eta-giustinianea,invariato,"Cisterna di Costantinopoli, eta giustinianea (VI sec.): gia correttamente collocata."
codex-egberti,Codex Egberti,arte-ottoniana,arte-ottoniana,invariato,Manoscritto ottoniano di Treviri gia' correttamente collocato; nessuna scuola piu' specifica disponibile nell'albero.
cofanetto-di-proiecta,Cofanetto di Proiecta,tarda-antichita,tarda-antichita,invariato,"Manufatto di lusso tardoromano a soggetto misto pagano-cristiano; 'arte-paleocristiana' designerebbe una collocazione troppo specificamente religiosa, si preferisce non forzare."
colonne-di-san-lorenzo-milano,Colonne di San Lorenzo,tarda-antichita,tarda-antichita,invariato,"Colonnato romano di reimpiego a Milano, di carattere non specificamente cristiano: resta a livello di epoca Tarda Antichita."
colosso-di-barletta,Colosso di Barletta,tarda-antichita,tarda-antichita,invariato,Statua bronzea imperiale tardoantica non cristiana: 'arte-paleocristiana' designa specificamente l'arte religiosa cristiana e non e' una collocazione piu' adeguata; nessuna scuola specifica disponibile.
combattimento-degli-ignudi,Combattimento degli ignudi,rinascimento-fiorentino,rinascimento-fiorentino,invariato,"Incisione di Antonio Pollaiolo, artista fiorentino; 'New York' e' la sede museale attuale. Gia' correttamente collocata."
compianto-sul-cristo-morto-botticelli,"Compianto sul Cristo morto con san Gerolamo, san Paolo e san Pietro",rinascimento-fiorentino,rinascimento-fiorentino,invariato,Opera di ambito fiorentino di Botticelli: collocazione già corretta.
compianto-sul-cristo-morto-disegno,Compianto sul Cristo morto (studio preparatorio),rinascimento-maturo,rinascimento-maturo,invariato,"Studio preparatorio di Raffaello per la Pala Baglioni, eseguito nel periodo fiorentino per una commissione di Perugia (1507; 'Parigi' e' la sede museale attuale, Louvre): resta alla corrente generica, nessuna scuola dedicata a Perugia/Umbria in questo periodo."
contrafforti-cattedrale-reims-villard,Disegno dei contrafforti della cattedrale di Reims (Album de dessins de Villard de Honnecourt),gotico-francese,gotico-francese,invariato,"Disegno di Villard de Honnecourt relativo alla cattedrale di Reims: resta alla corrente gotico-francese, nessuna scuola più specifica disponibile."
conversione-di-saulo,Conversione di Saulo,manierismo,manierismo,invariato,"Michelangelo, Cappella Paolina, Vaticano: due sole opere del ciclo nel lotto, non sufficienti per una scuola dedicata; resta al livello di corrente."
copia-anghiari-rubens,Copia dalla Battaglia di Anghiari di Leonardo,manierismo,manierismo,invariato,"Copia da Leonardo eseguita da Rubens nel 1603, al confine tra Manierismo e Barocco; nessuna scuola piu' specifica disponibile nell'albero per questo caso isolato."
copia-cascina-sangallo,Copia dalla Battaglia di Càscina di Michelangelo,rinascimento-maturo,rinascimento-maturo,invariato,"Copia (Aristotile da Sangallo) del cartone perduto di Michelangelo, nessuna citta' indicata: resta al livello di corrente."
corona-ferrea-monza,Corona ferrea,eta-longobarda,eta-longobarda,invariato,Manufatto tradizionalmente legato alla regina longobarda Teodolinda; Eta longobarda resta il livello piu specifico disponibile nell'albero.
corteo-dei-magi-gozzoli,Corteo dei Magi (parete sud),umanesimo-fiorentino,umanesimo-fiorentino,invariato,"Gia' correttamente collocato nell'Umanesimo fiorentino (ciclo della Cappella dei Magi, Palazzo Medici, Firenze)."
cortile-del-belvedere,Cortile del Belvedere,rinascimento-maturo,rinascimento-maturo,invariato,Opera romana di Bramante per Giulio II (dal 1504): nessuna scuola specifica per la Roma giulia è presente in albero.
costantino-offre-tiara-silvestro,Costantino offre la tiara a san Silvestro,duecento-italiano,duecento-italiano,invariato,Ciclo romano: già alla corrente più specifica disponibile (duecento-italiano).
cripta-santa-maria-laach,Interno della cripta della chiesa di Santa Maria Laach,romanico,romanico,invariato,Stesso edificio di Maria Laach; nessuna corrente specifica pertinente.
cristo-in-trono-sancta-sanctorum,Cristo in trono (cappella del Sancta Sanctorum),duecento-italiano,duecento-italiano,invariato,Stessa motivazione del ciclo del Sancta Sanctorum.
cristo-incorona-ottone-teofano,Cristo che incorona Ottone II e sua moglie Teofano,arte-ottoniana,arte-ottoniana,invariato,Avorio ottoniano gia correttamente collocato; nessuna scuola piu specifica disponibile.
cristo-pantocrator-hosios-lukas,Cristo Pantocatore,arte-bizantina,arte-bizantina,invariato,"Mosaico di Dafni (Grecia); l'epoca Arte bizantina non ha correnti/scuole sotto di se in albero, e gia il livello piu specifico disponibile."
cristo-pantocratore-battistero-padova,Cristo Pantocratore attorniato dalle gerarchie angeliche,scuola-giottesca-veneta,scuola-giottesca-veneta,invariato,Giusto de' Menabuoi a Padova (1380 circa): già correttamente collocato nella scuola giottesca veneta.
croci-devozionali-lamina-oro,Croci devozionali (croci nastriforme),eta-longobarda,eta-longobarda,invariato,"Oreficeria longobarda da Brescia (VII sec.), di ambito generico e non specificamente legata al nucleo desideriano qui isolato: resta nella corrente Eta longobarda."
crocifissione-di-san-pietro,Crocifissione di san Pietro,manierismo,manierismo,invariato,"Michelangelo, Cappella Paolina, Vaticano: come la voce precedente, resta al livello di corrente."
crocifissione-pordenone-cremona,Crocifissione,rinascimento-maturo-italia-settentrionale,rinascimento-maturo-italia-settentrionale,invariato,"Pordenone a Cremona: unica opera del lotto in questo contesto, nessuna scuola cremonese esiste in albero e non c'e' un gruppo sufficiente per proporne una nuova."
crocifisso-san-domenico-bologna,Crocifisso di San Domenico,duecento-italiano,duecento-italiano,invariato,"Opera isolata di Giunta Pisano a Bologna: nessuna scuola specifica nell'albero, resta a livello di corrente."
crocifisso-santa-croce-donatello,Crocifisso,umanesimo-fiorentino,umanesimo-fiorentino,invariato,"Crocifisso di Donatello a Santa Croce, Firenze (1406-1408): già correttamente collocato."
crocifisso-santa-maria-novella-brunelleschi,Crocifisso,umanesimo-fiorentino,umanesimo-fiorentino,invariato,Brunelleschi a Firenze (1410-1415): già correttamente collocato.
cupola-della-roccia-gerusalemme,Cupola della Roccia (moschea di Omar),civilta-islamica,civilta-islamica,invariato,"Moschea di Omar, Gerusalemme (687-692): gia correttamente in Civilta islamica, che non ha correnti/scuole sotto di se nell'albero."
dama-col-mazzolino,Dama col mazzolino,rinascimento-fiorentino,rinascimento-fiorentino,invariato,"Verrocchio a Firenze, gia' correttamente collocato."
dama-con-ermellino,Ritratto di Cecilia Gallerani (detto Dama con l'ermellino),sforzesco,sforzesco,invariato,"Ritratto di Cecilia Gallerani, favorita di Ludovico il Moro, dipinto a Milano: collocazione già corretta."
david-marmo-donatello,David (in marmo),umanesimo-fiorentino,umanesimo-fiorentino,invariato,Donatello a Firenze (1408-1409): già correttamente collocato.
david-michelangelo,David,rinascimento-maturo,rinascimento-maturo,invariato,Commissione della Repubblica fiorentina; nessuna scuola più specifica di livello 'scuola' esiste per questa fase del primo Cinquecento fiorentino.
decollazione-san-giorgio-altichiero,Decollazione di san Giorgio,scuola-giottesca-veneta,scuola-giottesca-veneta,invariato,Altichiero a Padova (1380 circa): già correttamente collocato nella scuola giottesca veneta.
decorazione-san-procolo-naturno,Affreschi di San Procolo a Naturno,eta-carolingia,eta-carolingia,invariato,"Ciclo di affreschi di San Procolo a Naturno (VIII-IX sec.), area di influenza carolingia: gia correttamente in Eta carolingia."
decorazione-sant-climent-taull,Cristo Pantocratore della chiesa di Sant Climent a Taüll,arte-catalana,arte-catalana,invariato,Già correttamente collocata nella scuola di pittura catalana romanica.
denaro-di-carlo-magno,Denaro di Carlo Magno,eta-carolingia,eta-carolingia,invariato,"Moneta legata direttamente alla corte di Carlo Magno; non forma un gruppo di bottega con altre opere del lotto, resta al livello di corrente Eta carolingia."
deposizione-barocci,Deposizione dalla croce,controriforma,controriforma,invariato,"Federico Barocci, Deposizione per la cattedrale di Perugia (1569): opera isolata nel lotto, nessuna scuola dedicata a Perugia/Marche di questo periodo esiste in albero; resta alla corrente 'Controriforma'."
deposizione-cristo-lorenzetti-assisi,Deposizione di Cristo dalla croce,gotico-senese,gotico-senese,invariato,"Pietro Lorenzetti ad Assisi (1310-1319): pittore senese, gia correttamente nella scuola senese trecentesca."
deposizione-rogier-van-der-weyden,Deposizione di Cristo nel sepolcro,quattrocento-fiammingo,quattrocento-fiammingo,invariato,"Rogier van der Weyden, ambito fiammingo: gia nella scuola piu specifica corretta (citta indicata e sede museale attuale, Uffizi)."
dittico-nicomachi-simmachi,Dittico dei Nicomachi e dei Simmachi,tarda-antichita,tarda-antichita,invariato,Dittico eburneo di ambito aristocratico pagano tardoromano; nessuna corrente/scuola specifica disponibile.
domus-ecclesiae-doura-europos,Domus ecclesiae di Doura Europos,arte-paleocristiana,arte-paleocristiana,invariato,Edificio paleocristiano orientale gia' correttamente collocato; nessuna scuola piu' specifica disponibile nell'albero.
effetti-buon-governo-citta-campagna,Effetti del Buon Governo in città e in campagna,gotico-senese,gotico-senese,invariato,Ambrogio Lorenzetti a Siena (1337-1340): gia nella scuola senese trecentesca.
effetti-cattivo-governo,Effetti del Cattivo Governo in città e in campagna,gotico-senese,gotico-senese,invariato,Ambrogio Lorenzetti a Siena (1337-1340): già correttamente collocato nella scuola senese trecentesca.
entrata-cristo-gerusalemme-duccio,Entrata di Cristo a Gerusalemme (scomparto della Maestà),gotico-senese,gotico-senese,invariato,"Duccio di Buoninsegna, scomparto della Maesta (1308-1311): gia nella scuola senese trecentesca."
ercole-bivio-carracci,Ercole al bivio,barocco,barocco,invariato,"Annibale Carracci, Ercole al bivio, dipinto per il Camerino Farnese a Roma (1596; Napoli è la sede museale attuale, Capodimonte): opera isolata nel lotto legata al cantiere Farnese, non sufficiente da sola per una scuola dedicata; resta alla corrente/epoca 'Barocco'."
ercole-e-anteo-pollaiolo-bronzetto,Ercole e Anteo (bronzetto),rinascimento-fiorentino,rinascimento-fiorentino,invariato,"Antonio Pollaiolo a Firenze, gia' correttamente collocato."
ercole-e-anteo-pollaiolo-dipinto,Ercole e Anteo (tavoletta),rinascimento-fiorentino,rinascimento-fiorentino,invariato,"Antonio Pollaiolo a Firenze, gia' correttamente collocato."
ercole-onfale,Ercole e Onfale,manierismo,manierismo,invariato,"Bartholomeus Spranger, opera legata alla corte rudolfina (Vienna è la sede museale attuale, la sua corte fu prevalentemente a Praga): nessuna scuola nord-europea di corte esiste in albero, resta alla corrente 'Manierismo'."
ercole-porta-della-mandorla-giovanni,Ercole (particolare della Porta della Mandorla),umanesimo-fiorentino,umanesimo-fiorentino,invariato,Parte del cantiere della Porta della Mandorla di Firenze (1390-1400): già correttamente collocato con le altre opere dello stesso cantiere.
evangeliario-dell-incoronazione,Evangeliario dell'Incoronazione,eta-carolingia,eta-carolingia,invariato,Manoscritto della scuola di corte carolingia (793 circa): gia correttamente in Eta carolingia.
evangeliario-di-ada,Evangeliario di Ada,eta-carolingia,eta-carolingia,invariato,"Manoscritto della scuola di corte carolingia, Treviri (780-800): gia correttamente in Eta carolingia."
evangeliario-di-godescalco,Evangeliario di Godescalco,eta-carolingia,eta-carolingia,invariato,Manoscritto della scuola di corte di Carlo Magno (781-783): gia correttamente in Eta carolingia.
evangeliario-di-teodolinda,Coperta dell'Evangeliario di Teodolinda,eta-longobarda,eta-longobarda,invariato,"Coperta legata alla regina longobarda Teodolinda, Monza (603 circa): gia correttamente in Eta longobarda."
facciata-fossanova,Facciata della chiesa abbaziale di Fossanova,gotico-cistercense,gotico-cistercense,invariato,"Abbazia cistercense di Fossanova: corrisponde già alla corrente gotico-cistercense, nessuna scuola più specifica disponibile."
facciata-saint-gilles-du-gard,Facciata della chiesa abbaziale di Saint-Gilles,romanico,romanico,invariato,Opera isolata del romanico provenzale: non coperta da alcuna corrente/scuola dell'albero e senza altre opere nel lotto per formarne una nuova.
fibula-a-disco-parma,Fibula a disco,eta-longobarda,eta-longobarda,invariato,Fibula longobarda da Parma (fine VI - inizio VII sec.): gia correttamente in Eta longobarda.
fibula-a-esse-necropoli-vors,Fibula a 'S' dalla tomba 21 della necropoli longobarda di Vörs,eta-longobarda,eta-longobarda,invariato,"Necropoli longobarda di fase pannonica (pre-italica, inizio VI sec.); nessun periodo dell'albero copre nello specifico la fase pannonica, Eta longobarda resta l'opzione piu vicina per continuita culturale."
fibula-a-staffa-necropoli-pertica,Fibula a staffa dalla tomba 27 della necropoli di Santo Stefano in Pertica,eta-longobarda,eta-longobarda,invariato,"Necropoli longobarda di Cividale del Friuli, ma di fase precoce (inizio VI sec.), precedente al nucleo di opere ducali qui riunito in una nuova scuola (734-756): resta nella corrente generale Eta longobarda."
figure-profeti-sant-apollinare-nuovo,"Figure dei Profeti (registro superiore, lato destro)",regno-ostrogoto,regno-ostrogoto,invariato,"Registro superiore di Sant'Apollinare Nuovo, Ravenna, eta di Teodorico: gia correttamente nella corrente Regno ostrogoto."
flagellazione-porta-nord-ghiberti,Flagellazione (formella della Porta Nord),umanesimo-fiorentino,umanesimo-fiorentino,invariato,"Porta Nord del battistero di Firenze, Ghiberti (1403-1424): già correttamente collocata."
fonte-battesimale-renier-de-huy,Fonte battesimale,romanico,romanico,invariato,Opera isolata dell'arte mosana (Liegi): nessuna corrente/scuola dell'albero copre quest'area e non vi sono altre opere nel lotto per formarne una nuova.
formelle-paratici-piacenza,Formelle dei Paratici (Piacenza),romanico-italiano,romanico-italiano,invariato,"Rilievi scultorei del XII secolo a Piacenza: le scuole esistenti sotto Romanico italiano riguardano la pittura (Italia centrale/meridionale) o la Sicilia normanna, non applicabili a rilievi scultorei dell'Italia settentrionale."
frammento-pavimentazione-palazzo-teodorico,Frammento di pavimentazione,tarda-antichita,tarda-antichita,invariato,"Pavimentazione di eta tardoantica (IV sec.), precedente al regno di Teodorico e non di carattere cristiano: Tarda Antichita resta il livello corretto, nessuna corrente piu specifica pertinente."
fregio-fitozoomorfo-santa-maria-laach,Fregio fitozoomorfo del portale d'ingresso,romanico,romanico,invariato,Stesso edificio di Maria Laach; nessuna corrente specifica pertinente.
fuga-san-procolo-verona,Fuga di san Procolo da Verona,eta-carolingia,eta-carolingia,invariato,Stessa serie di affreschi di San Procolo a Naturno: gia correttamente in Eta carolingia.
funerali-san-ludovico-predella-simone,Funerali di san Ludovico (predella di San Ludovico di Tolosa),gotico-senese,gotico-senese,invariato,"Simone Martini a Napoli (1317): opera del maestro senese per gli Angio, resta attribuita alla scuola senese trecentesca (scuola definita dall'origine dell'autore, non dalla sede dell'opera)."
gioiello-marte-minerva-venere-belli,"Gioiello rinascimentale raffigurante Marte, Minerva, Venere e Cupido",umanesimo-fiorentino,umanesimo-fiorentino,invariato,Manufatto orafo senza artista attribuito con certezza: informazioni insufficienti per una collocazione più specifica.
giudizio-universale,Giudizio Universale,manierismo,manierismo,invariato,"Michelangelo, Cappella Sistina, Vaticano: opera isolata nel lotto, resta al livello di corrente Manierismo."
giuseppe-giacobbe-egitto-pontormo,Giuseppe e Giacobbe in Egitto,primo-manierismo-fiorentino,primo-manierismo-fiorentino,invariato,"Pontormo, ciclo Borgherini a Firenze (1518-1519; 'Londra' e' la sede museale attuale): gia' correttamente collocato nel Primo Manierismo fiorentino."
giuseppe-interpreta-sogni-faraone-andrea-del-sarto,Giuseppe interpreta i sogni del faraone,primo-manierismo-fiorentino,primo-manierismo-fiorentino,invariato,"Andrea del Sarto a Firenze (1515-1516), ciclo Borgherini: gia' correttamente collocato nel Primo Manierismo fiorentino."
gruppo-tetrarchi-venezia,Gruppo dei Tetrarchi,tarda-antichita,tarda-antichita,invariato,Scultura tetrarchica (293-305): l'epoca Tarda Antichita' non ha corrente/scuola specifica per l'arte imperiale non cristiana in questo arco cronologico.
i-coniugi-arnolfini,I coniugi Arnolfini,quattrocento-fiammingo,quattrocento-fiammingo,invariato,"Jan van Eyck, ambito fiammingo: gia nella scuola piu specifica corretta."
incontro-di-orsola-ed-ereo-e-partenza-dei-pellegrini,Incontro di Orsola ed Ereo e partenza dei pellegrini,quattrocento-veneziano,quattrocento-veneziano,invariato,"Vittore Carpaccio, già correttamente collocato nella scuola 'Quattrocento veneziano'."
incoronazione-cristo-maria-bembo,Incoronazione di Cristo e Maria (con ritratti di Bianca Maria Visconti e Francesco Sforza),tardogotico,tardogotico,invariato,Bonifacio Bembo lavora in stile tardogotico lombardo per la corte visconteo-sforzesca a Cremona; nessuna scuola piu' specifica esiste nell'albero e l'opera e' isolata nel lotto.
interno-basilica-san-marco,Interno della basilica di San Marco,romanico-italiano,romanico-italiano,invariato,Veduta architettonica della basilica di San Marco; nessuna scuola pertinente sotto Romanico italiano.
investitura-san-martino-simone,Investitura di san Martino a cavaliere,gotico-senese,gotico-senese,invariato,Simone Martini ad Assisi (1315-1317): gia nella scuola senese trecentesca.
la-processione-in-piazza-san-marco,La Processione in piazza San Marco,quattrocento-veneziano,quattrocento-veneziano,invariato,"Gentile Bellini, già correttamente collocato nella scuola 'Quattrocento veneziano'."
lamina-di-agilulfo,Lamina di Agilulfo,eta-longobarda,eta-longobarda,invariato,Lamina del re longobardo Agilulfo (591-616): gia correttamente in Eta longobarda.
leggenda-della-vera-croce,Leggenda della vera Croce,quattrocento,quattrocento,invariato,"Ciclo di Piero della Francesca ad Arezzo, opera indipendente non legata a una corte o bottega specifica presente nell'albero; nessuna scuola piu' specifica disponibile."
lorazione-nellorto-o-cristo-nellorto,L'Orazione nell'orto (o Cristo nell'orto),quattrocento-veneziano,quattrocento-veneziano,invariato,"Giovanni Bellini, già correttamente collocato nella scuola 'Quattrocento veneziano'."
macelleria-aertsen,Macelleria,rinasc-nordico,rinasc-nordico,invariato,"Pieter Aertsen, pittore fiammingo/olandese, opera conservata a Uppsala: nessuna scuola nederlandese esiste in albero per questo periodo, resta alla corrente 'Rinascimento nordico'."
madonna-benois,Madonna con il Bambino (detta Madonna Benois),rinascimento-fiorentino,rinascimento-fiorentino,invariato,"Leonardo, opera fiorentina; 'San Pietroburgo' e' la sede museale attuale (Ermitage). Gia' correttamente collocata."
madonna-col-bambino-cosenza,Madonna col Bambino,pittura-romanica-italiana,pittura-romanica-italiana,invariato,Opera anonima di Cosenza (Calabria): nessuna scuola specifica per la pittura romanica calabrese nell'albero.
madonna-del-belvedere,Madonna con il Bambino e san Giovannino (detta Madonna del Belvedere),rinascimento-maturo,rinascimento-maturo,invariato,"Raffaello, opera del periodo fiorentino (1506 circa; 'Vienna' e' la sede museale attuale): resta alla corrente generica, oltre il limite del 1500 di 'rinascimento-fiorentino'."
madonna-del-cancelliere-rolin,Madonna del cancelliere Rolin,quattrocento-fiammingo,quattrocento-fiammingo,invariato,"Jan van Eyck, ambito fiammingo: gia nella scuola piu specifica corretta."
madonna-del-cardellino,Madonna con il Bambino e san Giovannino (detta Madonna del cardellino),rinascimento-maturo,rinascimento-maturo,invariato,"Raffaello a Firenze (1506 circa): resta alla corrente generica, oltre il limite del 1500 di 'rinascimento-fiorentino'."
madonna-del-cook,La Madonna Cook,quattrocento,quattrocento,invariato,"Carlo Crivelli, Madonna Cook (1470): la datazione precede la scuola 'Rinascimento maturo nell'Italia settentrionale' (dal 1490); nessuna scuola marchigiana quattrocentesca esiste in albero, resta alla corrente 'Quattrocento'."
madonna-del-garofano,Madonna con il Bambino (detta Madonna del garofano),rinascimento-fiorentino,rinascimento-fiorentino,invariato,"Leonardo, opera fiorentina; 'Monaco' e' la sede museale attuale (Alte Pinakothek). Gia' correttamente collocata."
madonna-del-magnificat,Madonna con il Bambino e cinque angeli (Madonna del Magnificat),rinascimento-fiorentino,rinascimento-fiorentino,invariato,"Opera fiorentina di Botticelli (1483 circa), già alla collocazione più specifica disponibile."
madonna-del-parto,Madonna del parto,quattrocento,quattrocento,invariato,"Affresco di Piero della Francesca a Monterchi, opera indipendente non legata a corte/bottega gia' presente nell'albero."
madonna-del-sacco-perugino,Madonna in adorazione del Bambino (detta Madonna del sacco),rinascimento-fiorentino,rinascimento-fiorentino,invariato,Opera fiorentina di Perugino: collocazione già corretta.
madonna-della-melagrana-leonardo,Madonna della melagrana (detta Madonna Dreyfus),rinascimento-fiorentino,rinascimento-fiorentino,invariato,"Opera giovanile di Leonardo, Firenze; 'Washington D.C.' e' solo la sede museale attuale. Gia' correttamente collocata."
madonna-della-misericordia-fra-bartolomeo,Madonna della Misericordia,primo-manierismo-fiorentino,primo-manierismo-fiorentino,invariato,"Fra Bartolomeo, pittore fiorentino, pala per il Duomo di Lucca (1515, Toscana): gia' correttamente collocato nel Primo Manierismo fiorentino."
madonna-della-scala,Madonna della Scala (Madonna con il Bambino),rinascimento-maturo,rinascimento-maturo,invariato,Rilievo giovanile di Michelangelo a Firenze: nessuna scuola più specifica disponibile.
madonna-delle-arpie-andrea-del-sarto,"Madonna con il Bambino, san Francesco e san Giovanni Battista (Madonna delle Arpie)",primo-manierismo-fiorentino,primo-manierismo-fiorentino,invariato,Andrea del Sarto a Firenze (1517): gia' correttamente collocato nel Primo Manierismo fiorentino.
madonna-di-lucca,Madonna di Lucca,quattrocento-fiammingo,quattrocento-fiammingo,invariato,"Jan van Eyck, ambito fiammingo: gia nella scuola piu specifica corretta (citta indicata e sede museale attuale)."
madonna-di-san-luca-rusuti,Madonna di San Luca (Filippo Rusuti),duecento-italiano,duecento-italiano,invariato,"Mosaicista attivo a Roma fine Duecento: nessuna scuola specifica per la Roma duecentesca è presente in albero, resta alla corrente 'duecento-italiano'."
madonna-nel-roseto,Madonna del roseto,arte-tedesca-quattrocento,arte-tedesca-quattrocento,invariato,"Martin Schongauer, pittore alsaziano di Colmar: gia' correttamente collocato (l'Alsazia e' tra le regioni della scuola)."
madonna-rucellai-duccio,Madonna con il Bambino in trono fra angeli (Madonna Rucellai),gotico-senese,gotico-senese,invariato,"Duccio di Buoninsegna, opera gia correttamente collocata nella scuola senese trecentesca (il luogo Firenze e la committenza, non l'origine stilistica sienese dell'autore)."
maesta-duccio,Maestà,gotico-senese,gotico-senese,invariato,"Duccio di Buoninsegna, Maesta (1308-1311): gia nella scuola senese trecentesca."
maesta-punzonatura-simone,Maestà (particolare delle aureole decorate a punzonatura),gotico-senese,gotico-senese,invariato,Simone Martini a Siena (1315-1321): gia nella scuola senese trecentesca.
maesta-simone-martini,Maestà,gotico-senese,gotico-senese,invariato,Simone Martini a Siena (1313-1321): gia nella scuola senese trecentesca.
marco-aurelio-campidoglio,Marco Aurelio in Campidoglio,rinascimento,rinascimento,invariato,"Statua equestre antica (II sec. d.C.); nessun periodo dell'albero copre l'arte antica romana, resta all'epoca Rinascimento (contesto della sistemazione capitolina) senza un'alternativa piu specifica."
margravia-uta-naumburg,Margravia Uta di Ballenstedt (decorazione scultorea del coro),rinascenza-sveva,rinascenza-sveva,invariato,Corrisponde esattamente alla scuola rinascenza-sveva (Maestro di Naumburg).
maria-assunta-porta-della-mandorla-nanni,Maria assunta in cielo fra angeli consegna la cintola a san Tommaso,umanesimo-fiorentino,umanesimo-fiorentino,invariato,"Porta della Mandorla, Firenze, Nanni di Banco (1414-1421): già correttamente collocata."
martirio-rufina-seconda,Martirio delle sante Rufina e Seconda (Quadro delle tre mani),controriforma,controriforma,invariato,"Morazzone, Cerano e Giulio Cesare Procaccini, 'Quadro delle tre mani', Milano (1620-1624): la datazione supera lievemente il limite della corrente 'Controriforma' (fino al 1620), ma resta l'opzione più specifica disponibile; si suggerisce di estendere year_end almeno al 1624."
mausoleo-di-teodorico,Mausoleo di Teodorico,regno-ostrogoto,regno-ostrogoto,invariato,"Mausoleo dello stesso Teodorico, Ravenna (520-526): gia correttamente nella corrente Regno ostrogoto."
mausoleo-elena-tor-pignattara,Mausoleo di Elena (Tor Pignattara),arte-paleocristiana,arte-paleocristiana,invariato,Mausoleo paleocristiano romano gia' correttamente collocato; nessuna scuola piu' specifica disponibile.
mausoleo-galla-placidia,Mausoleo di Galla Placidia,arte-paleocristiana,arte-paleocristiana,invariato,"Mausoleo di Galla Placidia, Ravenna (meta V sec.): gia correttamente in Arte paleocristiana."
mausoleo-santa-costanza-roma,Mausoleo di Santa Costanza,arte-paleocristiana,arte-paleocristiana,invariato,Mausoleo paleocristiano romano gia' correttamente collocato; nessuna scuola piu' specifica disponibile.
medaglia-commemorativa-tempio-malatestiano,Medaglia commemorativa della fondazione del Tempio Malatestiano,quattrocento,quattrocento,invariato,"Matteo de' Pasti per Sigismondo Malatesta a Rimini: opera isolata nel lotto, nessuna scuola esistente per la corte malatestiana in questo periodo."
mese-di-gennaio-aula-gotica,Mese di Gennaio (Aula Gotica),duecento-italiano,duecento-italiano,invariato,Stessa motivazione del ciclo dell'Aula Gotica.
mese-di-settembre,Mese di Settembre (Salone dei Mesi di Palazzo Schifanoia),scuola-ferrarese,scuola-ferrarese,invariato,Già correttamente collocato nella 'Scuola ferrarese'.
mesi-di-aprile-salone-dei-mesi-di-palazzo-schifanoia,Mese di Aprile (Salone dei Mesi di Palazzo Schifanoia),scuola-ferrarese,scuola-ferrarese,invariato,Già correttamente collocato nella 'Scuola ferrarese'.
miracolo-della-reliquia-della-croce-a-rialto,Miracolo della reliquia della Croce a Rialto,quattrocento-veneziano,quattrocento-veneziano,invariato,"Carpaccio, Venezia (1494-1496): già alla collocazione più specifica corretta."
missorium-di-teodosio,Missorium di Teodosio,tarda-antichita,tarda-antichita,invariato,Manufatto imperiale tardoromano non cristiano; nessuna corrente/scuola specifica disponibile.
monna-lisa,Monna Lisa (La Gioconda),rinascimento-maturo,rinascimento-maturo,invariato,"Ritratto iniziato a Firenze ma completato/ritoccato negli anni successivi in contesti diversi (Milano, Roma, Francia): nessuna singola scuola locale è pienamente adeguata, si mantiene la corrente generica."
monumento-funebre-bartolomeo-colleoni-amadeo,Monumento funebre di Bartolomeo Colleoni,umanesimo-lombardo,umanesimo-lombardo,invariato,Giovanni Antonio Amadeo a Bergamo per il condottiero Colleoni (al servizio di Venezia): resta nella scuola lombarda regionale.
morte-di-procri,Morte di Procri,rinascimento-fiorentino,rinascimento-fiorentino,invariato,"Piero di Cosimo, opera di ambito fiorentino: collocazione già corretta."
mosaici-cappella-palatina-programma,Ciclo musivo della Cappella Palatina,romanico-normanno-siciliano,romanico-normanno-siciliano,invariato,Ciclo musivo della Cappella Palatina: già correttamente collocato nel programma decorativo del monumento normanno.
mosaici-facciata-santa-maria-maggiore-rusuti,Mosaici della facciata di Santa Maria Maggiore (Storie della fondazione e Cristo benedicente),duecento-italiano,duecento-italiano,invariato,"Filippo Rusuti a Roma (1288-1297): unica opera dell'autore nel lotto, non sufficiente per proporre una nuova scuola dedicata; resta nel contenitore Duecento italiano, gia coerente con la datazione."
mosaici-navate-cattedrale-monreale,Ciclo musivo della cattedrale di Santa Maria Nuova a Monreale,romanico-normanno-siciliano,romanico-normanno-siciliano,invariato,Già correttamente collocata nella scuola romanico-normanno-siciliano.
mosaico-absidale-san-clemente,Mosaico absidale della basilica superiore di San Clemente,romanico-italiano,romanico-italiano,invariato,Mosaico romano anonimo: nessuna scuola più specifica nell'albero.
mosaico-cristo-tra-apostoli-sant-aquilino,Cristo seduto tra gli apostoli,arte-paleocristiana,arte-paleocristiana,invariato,"Mosaico della cappella di Sant'Aquilino, Milano (fine IV sec.): gia correttamente in Arte paleocristiana."
mosaico-giustiniano-san-vitale,L'imperatore Giustiniano e il suo seguito,eta-giustinianea,eta-giustinianea,invariato,"Pannello di San Vitale con Giustiniano, eta giustinianea (546-547): gia correttamente collocato."
mosaico-porta-imperiale-santa-sofia,Mosaico della porta imperiale di Santa Sofia (Leone VI in proskynesis),arte-bizantina,arte-bizantina,invariato,Mosaico bizantino di Costantinopoli; l'epoca arte-bizantina non ha suddivisioni piu' specifiche nell'albero.
mosaico-teodora-san-vitale,L'imperatrice Teodora e il suo seguito,eta-giustinianea,eta-giustinianea,invariato,"Pannello di San Vitale con Teodora, eta giustinianea (546-547): gia correttamente collocato."
municipio-bruxelles,Municipio di Bruxelles,gotico-fiorito,gotico-fiorito,invariato,"Municipio di Bruxelles (1402-1455), architettura gotica fiamminga: già correttamente collocato nella corrente Gotico fiorito."
nascita-della-vergine-ghirlandaio,Nascita della Vergine,rinascimento-fiorentino,rinascimento-fiorentino,invariato,"Ciclo della cappella Tornabuoni, Santa Maria Novella, Firenze: collocazione già corretta."
nascita-di-venere,Nascita di Venere,rinascimento-fiorentino,rinascimento-fiorentino,invariato,"Capolavoro fiorentino di ambito mediceo, già alla collocazione più specifica disponibile."
nascita-vergine-pietro-lorenzetti,Nascita della Vergine,gotico-senese,gotico-senese,invariato,Pietro Lorenzetti a Siena (1342): già correttamente collocato nella scuola senese trecentesca.
nativita-di-gesu-perugino,Natività di Gesù,rinascimento-fiorentino,rinascimento-fiorentino,invariato,Opera perugina di Perugino (probabile fase del Collegio del Cambio); non esiste in albero una scuola specifica per Perugia/Umbria e l'opera isolata nel lotto non basta a giustificarne una nuova: si mantiene la collocazione generica already in uso per Perugino.
nativita-di-maria-leonardo-da-besozzo,Natività di Maria,tardogotico,tardogotico,invariato,"Leonardo da Besozzo, pittore lombardo attivo a Napoli: opera isolata nel lotto, nessuna scuola esistente copre il tardogotico napoletano in questa data (troppo precoce per rinascimento-napoletano)."
nativita-mistica,Natività mistica,rinascimento-fiorentino,rinascimento-fiorentino,invariato,Opera di ambito fiorentino di Botticelli: collocazione già corretta.
navata-duomo-siena,Navata centrale della cattedrale di Santa Maria Assunta,gotico-italiano,gotico-italiano,invariato,Stessa motivazione delle altre voci del Duomo di Siena.
navata-fossanova,Navata centrale della chiesa abbaziale di Fossanova,gotico-cistercense,gotico-cistercense,invariato,Stessa motivazione della facciata di Fossanova.
obelisco-di-teodosio-istanbul,Teodosio offre il lauro della vittoria (decorazione del basamento dell'obelisco di Teodosio),tarda-antichita,tarda-antichita,invariato,"Rilievo del basamento dell'obelisco di Teodosio, arte imperiale non cristiana: Tarda Antichita resta il livello adeguato."
ottone-presenta-modello-magdeburgo,Ottone I presenta a Cristo il modello della cattedrale di Magdeburgo,arte-ottoniana,arte-ottoniana,invariato,Avorio ottoniano gia correttamente collocato; nessuna scuola piu specifica disponibile.
paesaggio-con-fiume,Paesaggio con fiume,rinascimento-fiorentino,rinascimento-fiorentino,invariato,"Celebre disegno datato di Leonardo, Firenze, gia' correttamente collocato."
pagina-libro-disegni-vasari,Pagina del Libro de' disegni,manierismo,manierismo,invariato,"Vasari, pagina del Libro de' disegni: datazione generica (post 1524) e nessuna citta' di realizzazione certa; resta al livello di corrente."
pala-casio-boltraffio,Madonna con il Bambino tra i santi Giovanni Battista e Sebastiano e due donatori (Pala Casio),rinascimento-maturo-italia-settentrionale,rinascimento-maturo-italia-settentrionale,invariato,"Pala Casio, commissionata per San Francesco a Bologna (Emilia-Romagna, regione già inclusa nella scuola): collocazione già corretta nonostante l'autore sia di formazione lombarda."
pala-doro-san-marco,Pala d'oro,arte-bizantina,arte-bizantina,invariato,Manufatto composito realizzato in piu' fasi (X-XIV secolo); l'epoca arte-bizantina non ha suddivisioni piu' specifiche nell'albero.
pala-martinengo-lotto,Madonna in trono con il Bambino e sei santi (Pala Martinengo),rinascimento-maturo-italia-settentrionale,rinascimento-maturo-italia-settentrionale,invariato,"Lorenzo Lotto a Bergamo (1513-1516, Lombardia): gia' correttamente collocato, nessuna scuola piu' specifica copre Bergamo in questo periodo (citta' di dominio veneziano, non sforzesco)."
pala-pucci-pontormo,"Madonna con il Bambino, san Giuseppe, san Giovanni Evangelista, san Giovannino, san Francesco e san Jacopo (Pala Pucci)",primo-manierismo-fiorentino,primo-manierismo-fiorentino,invariato,"Pontormo a Firenze, 1518: gia' collocato correttamente nel Primo Manierismo fiorentino."
pala-spedalingo-rosso-fiorentino,"Madonna in trono con il Bambino tra i santi Giovanni Battista, Antonio Abate, Stefano e Gerolamo (Pala dello Spedalingo)",primo-manierismo-fiorentino,primo-manierismo-fiorentino,invariato,"Rosso Fiorentino a Firenze, 1518: gia' collocato correttamente nel Primo Manierismo fiorentino."
palazzo-dei-diamanti,Palazzo dei Diamanti,scuola-ferrarese,scuola-ferrarese,invariato,"Biagio Rossetti, Ferrara (dal 1493): collocazione già corretta."
palazzo-di-teodorico-mosaico,Palazzo di Teodorico,regno-ostrogoto,regno-ostrogoto,invariato,"Mosaico del cosiddetto Palazzo di Teodorico in Sant'Apollinare Nuovo, Ravenna: gia correttamente nella corrente Regno ostrogoto."
palazzo-diocleziano-split,Palazzo di Diocleziano a Spalato,tarda-antichita,tarda-antichita,invariato,Palazzo imperiale non cristiano di fine III secolo; nessuna corrente/scuola specifica disponibile nell'albero per questo ambito.
palazzo-farnese-facciata,Facciata di Palazzo Farnese,manierismo,manierismo,invariato,"Michelangelo e Sangallo, Palazzo Farnese a Roma: cantiere isolato nel lotto, resta al livello di corrente."
palazzo-grimani-sanmicheli,Palazzo Grimani,manierismo,manierismo,invariato,"Michele Sanmicheli, opera isolata nel lotto (nessun altro lavoro dell'autore presente): non sufficiente per proporre una nuova scuola dedicata."
palazzo-schifanoia-ristrutturazione,Palazzo Schifanoia (ristrutturazione),scuola-ferrarese,scuola-ferrarese,invariato,Ferrara (dal 1465): collocazione già corretta.
pallade-e-centauro-botticelli,Pallade e il centauro,rinascimento-fiorentino,rinascimento-fiorentino,invariato,"Botticelli, opera fiorentina, gia' correttamente collocata."
pavimento-cosmati-ferentino,Pavimento in opus sectile della cattedrale dei Santi Giovanni e Paolo,romanico-italiano,romanico-italiano,invariato,"Unico pavimento cosmatesco del lotto: nessuna scuola cosmatesca presente nell'albero, resta alla corrente romanico-italiano."
pianta-abbazia-san-gallo,Pianta ideale dell'abbazia di San Gallo,eta-carolingia,eta-carolingia,invariato,Disegno architettonico unico (San Gallo); nessuna scuola specifica esiste e non e giustificabile crearne una per un'opera isolata.
pianta-castel-del-monte,Pianta di Castel del Monte,arte-federiciana,arte-federiciana,invariato,Corrisponde esattamente alla scuola arte-federiciana.
pianta-cattedrale-canterbury,"Pianta della cattedrale di Nostro Signore Gesù Cristo, Canterbury",early-english-gothic,early-english-gothic,invariato,Già correttamente collocata nella scuola early-english-gothic.
pianta-san-pietro-attuale,Pianta attuale della basilica di San Pietro,manierismo,manierismo,invariato,Pianta di sintesi senza autore ne' datazione puntuale: informazioni insufficienti per una collocazione piu' specifica.
piazza-del-campidoglio,Piazza del Campidoglio,manierismo,manierismo,invariato,"Michelangelo, Roma: intervento urbanistico isolato nel lotto, resta al livello di corrente Manierismo."
pieta-rondanini,Pietà Rondanini,manierismo,manierismo,invariato,"Ultima opera di Michelangelo, eseguita a Roma fino alla morte (1564); non rientra nei cantieri medicei fiorentini ne' in altre scuole del lotto; nessuna scuola esistente specifica per questa fase autonoma michelangiolesca."
pieta-vaticana,Pietà (Michelangelo),rinascimento-maturo,rinascimento-maturo,invariato,"Commissione romana di Michelangelo per San Pietro (1497-1499); nessuna scuola specifica per la Roma di fine Quattrocento/inizio Cinquecento maturo è presente in albero (la scuola 'quattrocento-romano' proposta copre un arco troppo anteriore, 1455-1482)."
pieta-zuccari,Pietà,controriforma,controriforma,invariato,"Taddeo Zuccari, Urbino (1564-1565): nessuna scuola specifica per Urbino in questo periodo tardo è presente in albero; opera isolata nel lotto rispetto ad altre opere urbinati, si mantiene la corrente generica."
pilier-des-anges-strasburgo,Pilier des Anges (decorazione scultorea del transetto),gotico-tedesco,gotico-tedesco,invariato,"Stessa motivazione di angelo-tubicinario-strasburgo: ambito renano-francese, resta alla corrente gotico-tedesco."
placca-scudo-cavaliere-stabio,Placca di guarnizione di scudo con figura di cavaliere,eta-longobarda,eta-longobarda,invariato,Manufatto di ambito longobardo (VII sec.): gia correttamente in Eta longobarda.
plutei-san-michele-pavia,Plutei dell'oratorio di San Michele alla Pusterla,eta-longobarda,eta-longobarda,invariato,"Arredo liturgico di Pavia, capitale longobarda (735 circa): gia correttamente in Eta longobarda."
politico-roverella,Politico Roverella,scuola-ferrarese,scuola-ferrarese,invariato,"Cosmè Tura, Ferrara (1475-1479): collocazione già corretta."
polittico-del-giudizio-universale,Polittico del Giudizio Universale,quattrocento-fiammingo,quattrocento-fiammingo,invariato,"Rogier van der Weyden, Hotel-Dieu di Beaune (Borgogna): regione compatibile con la scuola fiamminga esistente."
polittico-dell-agnello-mistico,Polittico dell'Agnello Mistico,quattrocento-fiammingo,quattrocento-fiammingo,invariato,"Polittico dell'Agnello Mistico, fratelli Van Eyck, Gand (1424-1432): già correttamente collocato, opera capitale della scuola quattrocento-fiammingo."
polittico-di-recanati-lotto,Polittico di Recanati,rinascimento-maturo-italia-settentrionale,rinascimento-maturo-italia-settentrionale,invariato,"Lorenzo Lotto a Recanati, Marche (1506-1508): gia' correttamente collocato, la scuola comprende esplicitamente le Marche."
porta-bernoardo-hildesheim,Porta di Bernoardo,arte-ottoniana,arte-ottoniana,invariato,Porta di Bernoardo a Hildesheim gia correttamente collocata in Arte ottoniana.
porta-bronzea-novgorod,Portale meridionale con storie bibliche ed evangeliche,romanico,romanico,invariato,Bottega di Magdeburgo per la cattedrale di Novgorod: nessuna corrente/scuola dell'albero copre l'area tedesco-russa e non vi sono altre opere nel lotto per formarne una nuova.
porta-del-paradiso-ghiberti,Porta del Paradiso (Porta Est del battistero),umanesimo-fiorentino,umanesimo-fiorentino,invariato,Opera di Lorenzo Ghiberti a Firenze gia correttamente collocata nella scuola piu specifica esistente.
porta-della-mandorla-santa-maria-del-fiore,Porta della Mandorla,umanesimo-fiorentino,umanesimo-fiorentino,invariato,Porta della Mandorla del Duomo di Firenze (1391-1423): già correttamente collocata.
porta-nord-battistero-firenze-ghiberti,Porta Nord del battistero di San Giovanni,umanesimo-fiorentino,umanesimo-fiorentino,invariato,"Porta Nord del battistero di Firenze, Ghiberti (1403-1424): già correttamente collocata."
porta-san-ranieri-pisa,Porta di San Ranieri (Cattedrale di Pisa),romanico-italiano,romanico-italiano,invariato,"Portale bronzeo pisano isolato: nessuna scuola specifica per la scultura romanica di Pisa nell'albero, resta al livello di corrente."
porta-trionfale-capua,Porta di Capua,arte-federiciana,arte-federiciana,invariato,Corrisponde esattamente alla scuola arte-federiciana (Porta di Capua).
portale-bronzeo-monreale-barisano,Portale bronzeo settentrionale della cattedrale di Santa Maria Nuova a Monreale,romanico-normanno-siciliano,romanico-normanno-siciliano,invariato,"Stessa collocazione del portale di Bonanno: Monreale, scuola romanico-normanno-siciliano."
portale-bronzeo-monreale-bonanno,Portale bronzeo maggiore della cattedrale di Santa Maria Nuova a Monreale,romanico-normanno-siciliano,romanico-normanno-siciliano,invariato,"Corrisponde esattamente alla scuola romanico-normanno-siciliano (Monreale, entro il 1194)."
portale-transetto-sud-lund,Portale del transetto sud (particolare della decorazione scultorea),romanico,romanico,invariato,Portale della cattedrale di Lund; nessuna corrente specifica pertinente per il romanico nordico.
portico-della-gloria-santiago,Cristo Giudice tra gli evangelisti e gli eletti (Portico della Gloria),romanico,romanico,invariato,Opera isolata del romanico galiziano (Maestro Matteo): l'unica scuola spagnola dell'albero (arte-catalana) riguarda solo la Catalogna e non copre la Galizia; nessuna altra opera nel lotto per formare una nuova scuola.
porto-di-classe-mosaico,Porto di Classe,regno-ostrogoto,regno-ostrogoto,invariato,"Mosaico del Porto di Classe in Sant'Apollinare Nuovo, Ravenna: gia correttamente nella corrente Regno ostrogoto."
presentazione-al-tempio,Presentazione al Tempio,quattrocento-veneziano,quattrocento-veneziano,invariato,"Giovanni Bellini, Venezia (1460 circa): già alla collocazione più specifica corretta."
presentazione-gesu-tempio-ambrogio,Presentazione di Gesù al Tempio,gotico-senese,gotico-senese,invariato,"Ambrogio Lorenzetti, opera commissionata per il Duomo di Siena (1342; 'Firenze' indica la sede attuale agli Uffizi): già correttamente in gotico-senese."
processione-sante-vergini-sant-apollinare-nuovo,Processione delle sante vergini,eta-giustinianea,eta-giustinianea,invariato,Rifacimento musivo del 561 in Sant'Apollinare Nuovo dopo la riconquista bizantina: gia correttamente nella corrente Eta giustinianea.
processione-santi-martiri-sant-apollinare-nuovo,Processione dei santi martiri,eta-giustinianea,eta-giustinianea,invariato,Rifacimento musivo del 561 in Sant'Apollinare Nuovo dopo la riconquista bizantina: gia correttamente nella corrente Eta giustinianea.
profeta-abacuc-donatello,Profeta Abacuc (Zuccone),umanesimo-fiorentino,umanesimo-fiorentino,invariato,Donatello a Firenze (1423-1426): già correttamente collocato.
progetto-bramantesco-san-pietro,Progetto per la nuova basilica di San Pietro (disegno agli Uffizi),rinascimento-maturo,rinascimento-maturo,invariato,"Progetto di Bramante per la nuova San Pietro (1504-1505), commissione vaticana di primo Cinquecento: nessuna scuola specifica disponibile per questa fase."
quadriga-bronzea-san-marco,Quadriga bronzea (copie sulla facciata della basilica di San Marco),arte-bizantina,arte-bizantina,invariato,"Bronzi antichi legati a Venezia, citta esplicitamente elencata tra le regioni di Arte bizantina; l'epoca non ha correnti/scuole sotto di se, quindi e gia al livello piu specifico disponibile."
quattro-santi-coronati-nanni-di-banco,Quattro Santi Coronati,umanesimo-fiorentino,umanesimo-fiorentino,invariato,"Nanni di Banco a Orsanmichele, Firenze (1411 circa): già correttamente collocato."
ritratto-agnolo-doni,Ritratto di Agnolo Doni,rinascimento-maturo,rinascimento-maturo,invariato,"Ritratto fiorentino di Raffaello (1504-1507), oltre il limite cronologico di 'rinascimento-fiorentino': si mantiene la corrente generica."
ritratto-d-uomo-col-turbante,Ritratto d'uomo col turbante,quattrocento-fiammingo,quattrocento-fiammingo,invariato,"Jan van Eyck, ambito fiammingo: gia nella scuola piu specifica corretta."
ritratto-di-giovane-con-lucerna-lotto,Ritratto di giovane con lucerna,rinascimento-maturo-italia-settentrionale,rinascimento-maturo-italia-settentrionale,invariato,"Lorenzo Lotto (1506), verosimilmente ambito marchigiano dello stesso periodo del Polittico di Recanati; 'Vienna' e' la sede museale attuale. Nessuna informazione sufficiente per una collocazione piu' specifica."
ritratto-di-giovane-donna-petrus-christus,Ritratto di giovane donna,quattrocento-fiammingo,quattrocento-fiammingo,invariato,"Petrus Christus, pittore fiammingo di Bruges, gia' correttamente collocato; 'Berlino' e' la sede museale attuale."
ritratto-di-giovane-donna-rogier,Ritratto di giovane donna,quattrocento-fiammingo,quattrocento-fiammingo,invariato,"Rogier van der Weyden, ambito fiammingo: gia nella scuola piu specifica corretta."
ritratto-di-tommaso-portinari,Ritratto di Tommaso Portinari,quattrocento-fiammingo,quattrocento-fiammingo,invariato,"Hans Memling, pittore fiammingo di Bruges, gia' correttamente collocato; 'New York' e' la sede museale attuale."
ritratto-erasmo-holbein,Ritratto di Erasmo da Rotterdam,rinasc-nordico,rinasc-nordico,invariato,"Holbein il Giovane, ritratto di Erasmo (1523 circa, periodo di Basilea; 'Parigi' è la sede museale attuale): nessuna scuola specifica per l'ambito basileese/renano di questo periodo è presente in albero."
ritratto-femminile-encausto,Ritratto femminile,quattrocento,quattrocento,invariato,"Ritratto funerario del Fayum (I sec. d.C.), arte romano-egizia; nell'albero non esiste alcun periodo per l'arte antica, resta come precedente citato nel capitolo del Quattrocento senza un'alternativa piu pertinente."
ritratto-ginevra-benci,Ritratto di Ginevra Benci,rinascimento-fiorentino,rinascimento-fiorentino,invariato,"Leonardo, opera fiorentina; 'Washington D.C.' e' la sede museale attuale. Gia' correttamente collocata."
ritratto-lutero-cranach,Ritratto di Lutero e Katharina von Bora,rinasc-nordico,rinasc-nordico,invariato,"Cranach il Vecchio, pittore tedesco attivo alla corte sassone di Wittenberg ('Firenze' è la sede museale attuale, Uffizi): nessuna scuola specifica per Wittenberg/Cranach è presente in albero."
ritratto-maddalena-strozzi,Ritratto di Maddalena Strozzi,rinascimento-maturo,rinascimento-maturo,invariato,"Pendant del ritratto di Agnolo Doni, stesso ragionamento."
ritratto-papa-cappella-sancta-sanctorum,Niccolò III presenta Pietro e Paolo al modello del Sancta Sanctorum,duecento-italiano,duecento-italiano,invariato,Ciclo romano: già alla corrente più specifica disponibile (duecento-italiano).
ritratto-tommaso-moro,Ritratto di Tommaso Moro,rinasc-nordico,rinasc-nordico,invariato,"Holbein il Giovane, ritratto dipinto a Londra durante il soggiorno inglese dell'artista (1527; 'New York' è la sede museale attuale): nessuna scuola per l'Inghilterra di questo periodo è presente in albero (le scuole gotico-inglesi si fermano al 1350)."
rodolfo-ii-vertumno,Rodolfo II come Vertumno,manierismo,manierismo,invariato,"Arcimboldo, opera inviata a Rodolfo II ma dipinta a Milano dopo il rientro dell'artista (1590; 'Skokloster' è la sede museale attuale in Svezia): nessuna scuola milanese/praghese di corte per Arcimboldo è presente in albero; opera isolata nel lotto, si mantiene la corrente generica."
rotonda-anastasis-gerusalemme,Rotonda dell'Anastasis (Basilica del Santo Sepolcro),arte-paleocristiana,arte-paleocristiana,invariato,Edificio paleocristiano di Gerusalemme gia' correttamente collocato; nessuna scuola piu' specifica disponibile nell'albero.
sacco-di-roma-van-heemskerck,Il Sacco di Roma,manierismo,manierismo,invariato,"Maarten van Heemskerck, pittore fiammingo manierista attivo dopo un soggiorno romano; 'manierismo' include esplicitamente i Paesi Bassi tra le regioni e non esiste una scuola piu' specifica nell'albero per il manierismo nordico."
sacrificio-isacco-brunelleschi-concorso,Sacrificio di Isacco (formella del concorso per la seconda porta del battistero),umanesimo-fiorentino,umanesimo-fiorentino,invariato,Formella del concorso del 1401 per la porta del battistero di Firenze: già correttamente collocata.
sacrificio-isacco-ghiberti-concorso,Sacrificio di Isacco (formella del concorso per la seconda porta del battistero),umanesimo-fiorentino,umanesimo-fiorentino,invariato,Formella del concorso del 1401 per la porta del battistero di Firenze: già correttamente collocata.
sainte-chapelle-parigi,Sainte-Chapelle,gotico-francese,gotico-francese,invariato,Già alla corrente più specifica disponibile (gotico-francese); nessuna scuola dedicata a Parigi nell'albero.
sala-capitolare-salisbury,Interno della Sala capitolare (particolare della volta e del pilastro centrale),early-english-gothic,early-english-gothic,invariato,Corrisponde esattamente alla scuola early-english-gothic (Cattedrale di Salisbury).
sala-delle-asse,Sala delle Asse,sforzesco,sforzesco,invariato,Decorazione per il Castello Sforzesco di Milano: collocazione già corretta.
sala-di-costantino,Sala di Costantino (ciclo),rinascimento-maturo,rinascimento-maturo,invariato,"Giulio Romano e Penni, Sala di Costantino in Vaticano: come la voce apparizione-croce-costantino, fase romana isolata, resta a livello di corrente."
sala-fasti-farnesiani,Sala dei fasti farnesiani,controriforma,controriforma,invariato,"Taddeo Zuccari, Palazzo Farnese di Caprarola (1563-1565): nessuna scuola specifica per Caprarola/Farnese è presente in albero; opera isolata nel lotto rispetto ad altre commissioni Zuccari (Urbino), si mantiene la corrente generica."
salterio-chludov,Salterio Chludov,arte-bizantina,arte-bizantina,invariato,Manoscritto bizantino miniato; l'epoca arte-bizantina non ha suddivisioni piu' specifiche nell'albero.
san-filippo-scaccia-dragone,San Filippo scaccia il dragone dal tempio di Hierapolis,rinascimento-fiorentino,rinascimento-fiorentino,invariato,"Cappella Strozzi, Santa Maria Novella, Firenze: collocazione già corretta."
san-giorgio-e-la-principessa-ante-chiusure,San Giorgio e la principessa / Annunciazione,scuola-ferrarese,scuola-ferrarese,invariato,"Cosmè Tura, Ferrara (1469 circa): collocazione già corretta."
san-giorgio-orsanmichele-donatello,San Giorgio libera la principessa (basamento della statua di San Giorgio),umanesimo-fiorentino,umanesimo-fiorentino,invariato,"Donatello a Orsanmichele, Firenze (1417-1418): già correttamente collocato."
san-giovanni-battista-orsanmichele-ghiberti,San Giovanni Battista,umanesimo-fiorentino,umanesimo-fiorentino,invariato,"Ghiberti a Orsanmichele, Firenze (1414): già correttamente collocato."
san-giovanni-evangelista-donatello,San Giovanni Evangelista,umanesimo-fiorentino,umanesimo-fiorentino,invariato,Donatello a Firenze (1408-1415): già correttamente collocato.
san-giovanni-evangelisti-cattedra-massimiano,San Giovanni ed evangelisti (parte frontale della Cattedra di Massimiano),eta-giustinianea,eta-giustinianea,invariato,"Parte della Cattedra di Massimiano, eta giustinianea: gia correttamente collocata."
san-giovanni-resuscita-drusiana,San Giovanni resuscita Drusiana,rinascimento-fiorentino,rinascimento-fiorentino,invariato,"Cappella Strozzi, Santa Maria Novella, Firenze: collocazione già corretta."
san-girolamo-leonardo,San Girolamo,rinascimento-fiorentino,rinascimento-fiorentino,invariato,"Leonardo, opera fiorentina incompiuta; 'Citta' del Vaticano' e' la sede museale attuale. Gia' correttamente collocata."
san-lorenzo-mosaico-galla-placidia,"San Lorenzo (mosaico, parete di fondo)",arte-paleocristiana,arte-paleocristiana,invariato,"Mosaico del Mausoleo di Galla Placidia, Ravenna: gia correttamente in Arte paleocristiana."
san-luca-nanni-di-banco,San Luca,umanesimo-fiorentino,umanesimo-fiorentino,invariato,Nanni di Banco a Firenze (1408-1413): già correttamente collocato.
san-ludovico-tolosa-simone,San Ludovico di Tolosa incorona il fratello Roberto d'Angiò re di Napoli,gotico-senese,gotico-senese,invariato,Simone Martini a Napoli (1317): gia nella scuola senese trecentesca.
san-matteo-michelangelo,San Matteo,rinascimento-maturo,rinascimento-maturo,invariato,Statua fiorentina di Michelangelo (1504-1506): nessuna scuola più specifica disponibile.
san-matteo-orsanmichele-ghiberti,San Matteo,umanesimo-fiorentino,umanesimo-fiorentino,invariato,"Ghiberti a Orsanmichele, Firenze (1419-1423): già correttamente collocato."
santa-maria-del-mar-barcellona,Chiesa di Santa Maria del Mar,gotico-spagnolo,gotico-spagnolo,invariato,"Berenguer de Montagu a Barcellona (1329-1383): gia al livello piu specifico esistente, non essendovi una scuola catalana dedicata nell'albero."
santanna-madonna-bambino-agnello,"Sant'Anna, la Madonna con il Bambino e l'agnello",rinascimento-maturo,rinascimento-maturo,invariato,"Leonardo, opera eseguita e ritoccata in contesti diversi (Milano, Roma, Francia) tra il 1510 e il 1519; 'Parigi' e' la sede museale attuale. Nessuna singola scuola locale e' pienamente adeguata, si mantiene la corrente generica (stessa logica applicata alla Gioconda in altro lotto)."
santo-stefano-orsanmichele-ghiberti,Santo Stefano,umanesimo-fiorentino,umanesimo-fiorentino,invariato,Statua di Ghiberti per Orsanmichele a Firenze: gia nella scuola piu specifica corretta.
sarcofago-fedra-ippolito-pisa,Sarcofago decorato con Storie di Fedra e Ippolito (particolare),gotico-italiano,gotico-italiano,invariato,"Sarcofago romano antico (inizio III sec.), conservato in Camposanto ed elemento noto di ispirazione per Nicola Pisano; nessun periodo per l'arte antica esiste nell'albero, resta in Gotico italiano."
sarcofago-giunio-basso,Sarcofago di Giunio Basso,arte-paleocristiana,arte-paleocristiana,invariato,Sarcofago paleocristiano romano gia' correttamente collocato; nessuna scuola piu' specifica disponibile.
schiera-angeli-guariento,Schiera di angeli,scuola-giottesca-veneta,scuola-giottesca-veneta,invariato,Guariento di Arpo a Padova (1354): già correttamente collocato nella scuola giottesca veneta.
sette-libri-architettura-serlio,Sette libri dell'architettura (pagina con il disegno della serliana),manierismo,manierismo,invariato,"Sebastiano Serlio, trattato senza una citta' di redazione certa: resta al livello di corrente."
sforzinda-citta-ideale,"Sforzinda (città ideale, progetto)",sforzesco,sforzesco,invariato,"Progetto di citta' ideale di Filarete legato alla corte sforzesca (il nome stesso deriva da Sforza), gia' correttamente collocato."
situla-gotofredo,Situla di Gotofredo,arte-ottoniana,arte-ottoniana,invariato,Situla milanese di eta ottoniana gia correttamente collocata; nessuna scuola specifica per l'oreficeria milanese di questo periodo esiste in albero.
soffitto-muqarnas-cappella-palatina,Soffitto a muqarnas della navata centrale della Cappella Palatina,romanico-normanno-siciliano,romanico-normanno-siciliano,invariato,Già correttamente collocata nella scuola romanico-normanno-siciliano.
spinario,Ragazzo che si toglie una spina dal piede (Spinario),umanesimo-fiorentino,umanesimo-fiorentino,invariato,"Scultura antica romana (III-I sec. a.C.); nell'albero non esiste alcun periodo per l'arte antica, e la collocazione attuale riflette il ruolo di modello antico discusso nel capitolo dell'Umanesimo fiorentino: nessuna alternativa piu pertinente disponibile."
sposalizio-della-vergine-perugino,Sposalizio della Vergine (Perugino),rinascimento-maturo,rinascimento-maturo,invariato,Pala per la Cattedrale di Perugia (1501-1504): nessuna scuola specifica per Perugia/Umbria in questo periodo è presente in albero.
sposalizio-della-vergine-raffaello,Sposalizio della Vergine (Raffaello),rinascimento-maturo,rinascimento-maturo,invariato,"Pala dipinta da Raffaello per Città di Castello (Umbria), oggi a Brera: nessuna scuola specifica per Città di Castello/Umbria di questo periodo è presente in albero."
statua-equestre-carlo-magno,Statuetta equestre di Carlo Magno,eta-carolingia,eta-carolingia,invariato,"Statuetta legata alla corte di Carlo Magno; oggetto isolato nel lotto, nessuna scuola di bottega specifica identificabile, resta a livello di corrente."
storie-di-giuseppe-porta-del-paradiso,Storie di Giuseppe (pannello della Porta del Paradiso),umanesimo-fiorentino,umanesimo-fiorentino,invariato,"Pannello della Porta del Paradiso di Ghiberti, Firenze: gia nella scuola piu specifica corretta."
storie-vita-gesu-sant-apollinare-nuovo,"Storie della vita di Gesù (registro superiore, lato sinistro)",regno-ostrogoto,regno-ostrogoto,invariato,"Registro superiore di Sant'Apollinare Nuovo, Ravenna, eta di Teodorico: gia correttamente nella corrente Regno ostrogoto."
studio-battaglia-anghiari-venezia,Studio per la battaglia di Anghiari,rinascimento-maturo,rinascimento-maturo,invariato,"Studio preparatorio di Leonardo per la Battaglia di Anghiari, commissione della Repubblica fiorentina (1504-1506; 'Venezia' e' solo la sede museale attuale, Gallerie dell'Accademia). Per coerenza con 'battaglia-di-anghiari' gia' classificata in altro lotto, resta alla corrente generica poiche' 'rinascimento-fiorentino' copre solo fino al 1500."
studio-capigliatura-leda,Studio per la capigliatura di 'Leda',rinascimento-maturo,rinascimento-maturo,invariato,"Disegno di Leonardo (1510-1518 circa), periodo di soggiorni multipli (Milano, Roma, Francia); 'Windsor' e' la sede museale attuale. Si mantiene la corrente generica."
studio-david-disegno,Studio per la figura di David,rinascimento-maturo,rinascimento-maturo,invariato,Disegno preparatorio di Michelangelo per il David fiorentino: nessuna scuola più specifica disponibile.
studio-statua-equestre-sforza,Studio per la statua equestre di Francesco Sforza,sforzesco,sforzesco,invariato,"Studio per il monumento equestre a Francesco Sforza, commissione della corte sforzesca: collocazione già corretta."
studio-testa-guerriero-anghiari,Studio per testa di guerriero per la battaglia di Anghiari,rinascimento-maturo,rinascimento-maturo,invariato,Studio preparatorio di Leonardo per la Battaglia di Anghiari (1504-1505; 'Budapest' e' la sede museale attuale). Stessa logica dello studio gemello: resta alla corrente generica.
tavoletta-prospettica-battistero-brunelleschi,Prima tavoletta prospettica (veduta del battistero di Firenze),umanesimo-fiorentino,umanesimo-fiorentino,invariato,Brunelleschi a Firenze (1415 circa): già correttamente collocato.
tempietto-san-pietro-in-montorio,Tempietto di San Pietro in Montorio,rinascimento-maturo,rinascimento-maturo,invariato,"Opera romana di Bramante (1502-1508), fase post-sforzesca; nessuna scuola specifica per la Roma di questi anni è presente in albero."
testa-di-onorio,Testa di Onorio,tarda-antichita,tarda-antichita,invariato,"Ritratto imperiale (400 circa), arte ufficiale non cristiana: resta in Tarda Antichita, nessuna corrente piu specifica pertinente."
tondo-doni,Sacra Famiglia con san Giovannino e ignudi (detto Tondo Doni),rinascimento-maturo,rinascimento-maturo,invariato,"Michelangelo, opera fiorentina (1505-1506) precedente al trasferimento a Roma: resta alla corrente generica poiche' 'rinascimento-fiorentino' copre solo fino al 1500."
tondo-pitti,Tondo Pitti (Madonna con il Bambino e san Giovannino),rinascimento-maturo,rinascimento-maturo,invariato,"Opera fiorentina di Michelangelo, oltre il limite cronologico della scuola 'rinascimento-fiorentino' (fino al 1500): si mantiene la corrente generica."
tondo-taddei,Madonna con il Bambino e san Giovannino (detto Tondo Taddei),rinascimento-maturo,rinascimento-maturo,invariato,Opera fiorentina di Michelangelo (1504 circa): stesso ragionamento del Tondo Pitti.
tondo-vitreo-croce-desiderio,Tondo vitreo con ritratti,tarda-antichita,tarda-antichita,invariato,"Vetro romano di eta pagana (III sec.), non specificamente cristiano: Arte paleocristiana non e piu pertinente di Tarda Antichita, che resta il livello adeguato."
torhalle-lorsch,Torhalle dell'abbazia di Lorsch,eta-carolingia,eta-carolingia,invariato,"Torhalle dell'abbazia di Lorsch, Germania (760-790): gia correttamente in Eta carolingia."
trasfigurazione-di-cristo-sant-apollinare-classe,Trasfigurazione di Cristo tra Elia e Mosè alla presenza di Sant'Apollinare e degli apostoli sotto forma di pecore,eta-giustinianea,eta-giustinianea,invariato,"Mosaico absidale di Sant'Apollinare in Classe, 549, eta giustinianea: gia correttamente collocato."
trasporto-di-cristo-morto-pala-baglioni,Trasporto di Cristo morto (detta Pala Baglioni o Deposizione Borghese),rinascimento-maturo,rinascimento-maturo,invariato,"Raffaello, Pala Baglioni (1507), commissionata da Atalanta Baglioni per San Francesco al Prato a Perugia ed eseguita durante il periodo fiorentino dell'artista; 'Roma' indica solo la sede museale attuale (Galleria Borghese, dal 1608). Resta alla corrente generica."
tre-crocifissi-foppa,Tre Crocifissi,umanesimo-lombardo,umanesimo-lombardo,invariato,"Vincenzo Foppa a Bergamo, citta' di dominio veneziano non legata alla corte sforzesca milanese: resta nella scuola lombarda regionale."
tre-grazie-raffaello,Tre Grazie,rinascimento-maturo,rinascimento-maturo,invariato,"Piccolo pannello di Raffaello (1504 circa), opera del periodo pre-romano (Urbino/Firenze) di attribuzione e luogo di esecuzione dibattuti in letteratura; 'Chantilly' e' la sede museale attuale. Nessuna scuola specifica disponibile."
trionfo-della-morte-palazzo-sclafani,Trionfo della Morte,tardogotico,tardogotico,invariato,"Affresco anonimo di Palermo: opera isolata nel lotto, nessuna scuola esistente copre il tardogotico siciliano in questa data."
trionfo-di-marzo-apile-e-maggio,Mese di Marzo (Salone dei Mesi di Palazzo Schifanoia),scuola-ferrarese,scuola-ferrarese,invariato,"Salone dei Mesi, Palazzo Schifanoia, Ferrara (circa 1460-1470): collocazione già corretta."
trittico-annunciazione-aix,Trittico dell'Annunciazione di Aix,quattrocento-fiammingo,quattrocento-fiammingo,invariato,"Barthelemy d'Eyck, pittore di probabile formazione fiamminga attivo alla corte angioina di Provenza: nessuna scuola francese dedicata esiste, la scuola fiamminga resta il riferimento piu vicino per formazione stilistica."
trittico-carro-fieno,Trittico del Carro di fieno,rinasc-nordico,rinasc-nordico,invariato,"Bosch, pittore di 's-Hertogenbosch (1512-1515; 'Madrid' è la sede museale attuale): nessuna scuola specifica per Bosch/Brabante di questo periodo è presente in albero (la scuola 'quattrocento-fiammingo' si ferma al 1500)."
trittico-dei-padri-della-chiesa,Trittico dei Padri della Chiesa,arte-tedesca-quattrocento,arte-tedesca-quattrocento,invariato,"Michael Pacher, pittore tirolese: la collocazione in 'Arte tedesca del Quattrocento' (che include il Tirolo) è già corretta e specifica."
trittico-dell-annunciazione-rogier,Trittico dell'Annunciazione,quattrocento-fiammingo,quattrocento-fiammingo,invariato,"Rogier van der Weyden, ambito fiammingo: gia nella scuola piu specifica corretta."
trittico-di-merode,Trittico di Mérode,quattrocento-fiammingo,quattrocento-fiammingo,invariato,"Robert Campin (Maestro di Flemalle), ambito fiammingo: gia nella scuola piu specifica corretta."
trittico-portinari,Trittico Portinari (Adorazione dei pastori),quattrocento-fiammingo,quattrocento-fiammingo,invariato,"Hugo van der Goes, pittore fiammingo, gia' correttamente collocato; 'Firenze' e' la sede attuale (Uffizi) dell'opera inviata da Bruges/Gand."
ultima-cena-leonardo,Ultima cena,sforzesco,sforzesco,invariato,"Santa Maria delle Grazie, Milano, commissione sforzesca: collocazione già corretta."
urania,Urania,scuola-ferrarese,scuola-ferrarese,invariato,"Angelo Maccagnino, Ferrara (1455-1460): collocazione già corretta."
vangelo-di-tours,Vangelo di Tours (particolare con san Matteo),eta-carolingia,eta-carolingia,invariato,"Manoscritto riconducibile alla scuola miniaturistica di Tours, ma unico esempio nel lotto: non sufficiente per proporre una nuova scuola, resta a livello di corrente."
veduta-aerea-basilica-san-marco,Veduta aerea della basilica di San Marco,romanico-italiano,romanico-italiano,invariato,Veduta architettonica della basilica di San Marco; nessuna scuola pertinente sotto Romanico italiano.
veduta-cortile-belvedere-dosio,Veduta del cortile del Belvedere,manierismo,manierismo,invariato,"Disegno di Giovanni Antonio Dosio del cortile del Belvedere vaticano: soggetto romano ma autore/collocazione fiorentini, non riconducibile con sicurezza ne' ai cantieri medicei ne' a un cantiere romano specifico del lotto."
venere-e-marte,Venere e Marte,rinascimento-fiorentino,rinascimento-fiorentino,invariato,"Opera fiorentina di Botticelli, già alla collocazione più specifica disponibile."
vergine-delle-rocce-prima,Vergine delle rocce (Louvre),sforzesco,sforzesco,invariato,Dipinta a Milano per la Confraternita della Concezione in epoca sforzesca: collocazione già corretta.
vergine-theotokos-santa-maria-trastevere,Vergine Theotokos tra due angeli (Madonna della Clemenza),arte-bizantina,arte-bizantina,invariato,"Icona romana dell'VIII sec. (700-730), successiva al limite di Arte paleocristiana (600) e anteriore all'Eta carolingia (768): nessuna corrente specifica copre questo intervallo a Roma, resta all'epoca Arte bizantina."
vetrata-vergine-duccio,Vetrata della Vergine,gotico-senese,gotico-senese,invariato,Duccio di Buoninsegna a Siena: gia correttamente nella scuola senese trecentesca.
visione-san-gerolamo-parmigianino,Madonna con il Bambino e i santi Giovanni Battista e Gerolamo (Visione di san Gerolamo),stile-clementino,stile-clementino,invariato,"Parmigianino, opera del soggiorno romano sotto Clemente VII: gia' collocata correttamente nello Stile clementino."
westwerk-corvey,Westwerk della chiesa abbaziale di Corvey,eta-carolingia,eta-carolingia,invariato,Architettura carolingia tedesca isolata; nessuna scuola specifica esiste per l'architettura di questo periodo.
Adorazione-del-sacro-legno,Adorazione del sacro Legno,quattrocento,ciclo-vera-croce-arezzo,nuova_scuola,"Fa parte del Ciclo della Leggenda della Vera Croce di Piero della Francesca in San Francesco ad Arezzo (ca. 1452-1466): nessuna scuola esistente copre Arezzo in questo periodo; si propone una nuova scuola dedicata al ciclo, condivisa con altre opere dello stesso ciclo nel lotto."
Annunciazione-PieroDF,Annunciazione,quattrocento,ciclo-vera-croce-arezzo,nuova_scuola,Fa parte del Ciclo della Leggenda della Vera Croce di Piero della Francesca ad Arezzo: si propone la nuova scuola dedicata al ciclo (vedi 'Adorazione del sacro Legno').
Battaglia-di-Eraclio-e-Cosroe,Battaglia di Eraclio e Cosroe,quattrocento,ciclo-vera-croce-arezzo,nuova_scuola,Fa parte del Ciclo della Leggenda della Vera Croce di Piero della Francesca ad Arezzo (1458-1466): si propone la nuova scuola dedicata al ciclo.
Peccato-originale-e-cacciata,Peccato originale e cacciata dal paradiso terrestre,rinascimento-maturo,rinascimento-romano-giulio-leone,nuova_scuola,"Michelangelo, volta della Cappella Sistina, Città del Vaticano (1508-1512): riuso della scuola 'rinascimento-romano-giulio-leone' proposta nel batch_10 per il cantiere vaticano di Giulio II e Leone X."
adorazione-dei-magi-altare-ratchis,Adorazione dei Magi (lato dell'Altare di Ratchis),eta-longobarda,longobardi-cividale-friuli,nuova_scuola,"Nucleo di opere (Altare di Ratchis e Tempietto longobardo di Santa Maria in Valle) unite da uno stesso luogo e una stessa corte, il ducato longobardo di Cividale del Friuli sotto Ratchis (734-756 ca.), non coperto da alcuna scuola esistente sotto Eta longobarda."
adorazione-dei-magi-gentile-fabriano,Adorazione dei Magi,tardogotico,bottega-gentile-da-fabriano,nuova_scuola,Gentile da Fabriano a Firenze (1423): appartiene al gruppo di bottega dell'artista itinerante individuato nel lotto.
adorazione-dei-pastori-la-notte-correggio,Adorazione dei pastori (La Notte),rinascimento-maturo-italia-settentrionale,scuola-di-parma,nuova_scuola,"Correggio, La Notte (commissionata per una cappella di Reggio Emilia ma eseguita nell'ambito della sua bottega parmense): rientra nella nuova scuola di Parma."
adorazione-magi-nicola-pisano,Adorazione dei Magi (particolare della decorazione scultorea del pulpito),gotico-italiano,bottega-nicola-pisano,nuova_scuola,Particolare del pulpito di Nicola Pisano a Pisa: appartiene al gruppo di bottega dell'artista.
affreschi-assisi-cimabue,Ciclo di affreschi della basilica superiore di San Francesco (Cimabue),duecento-italiano,bottega-cimabue,nuova_scuola,"Cimabue ad Assisi (1288-1290): rientra nella bottega di Cimabue gia proposta in altro lotto (Firenze, Arezzo, Assisi, 1260-1290)."
affreschi-cappella-scrovegni,Affreschi della cappella degli Scrovegni,trecento-italiano,bottega-giotto,nuova_scuola,Giotto a Padova (1303-1305): bottega di Giotto.
affreschi-loggia-castello-buonconsiglio-romanino,Affreschi della Loggia del castello del Buonconsiglio,rinascimento-maturo-italia-settentrionale,scuola-bresciana,nuova_scuola,"Romanino, Castello del Buonconsiglio a Trento: commissione del principe vescovo, ma stilisticamente e biograficamente parte della scuola bresciana di Romanino."
affreschi-san-salvatore-brescia,Affreschi del ciclo della navata centrale di San Salvatore,eta-longobarda,longobardi-brescia-desideriana,nuova_scuola,"Nucleo di opere unite dallo stesso luogo e committenza: il monastero di San Salvatore a Brescia, fondato dal re longobardo Desiderio, e la Croce a lui intitolata (750-820 ca.), non coperto da alcuna scuola esistente sotto Eta longobarda."
affreschi-san-vincenzo-volturno,"Ciclo pittorico della cripta di Epifanio, abbazia di San Vincenzo al Volturno",eta-carolingia,cripta-di-epifanio-volturno,nuova_scuola,Ciclo della cripta dell'abate Epifanio a San Vincenzo al Volturno: con la Crocifissione dello stesso ambiente forma un gruppo coerente (luogo/committenza) non coperto da scuole esistenti.
affreschi-santa-maria-della-neve-pisogne-romanino,Affreschi della chiesa di Santa Maria della Neve a Pisogne,rinascimento-maturo-italia-settentrionale,scuola-bresciana,nuova_scuola,"Romanino, Pisogne (Val Camonica, territorio bresciano), 1534: rientra nella nuova scuola bresciana."
allegoria-dell'amore,Allegoria dell'Amore,manierismo,corte-cosimo-i-firenze,nuova_scuola,"Bronzino, opera dipinta a Firenze durante il servizio presso la corte di Cosimo I de' Medici (1545): rientra nella scuola 'Corte di Cosimo I' proposta nel batch_11, di cui si riusa l'id."
allegoria-virgiliana-martini,Allegoria virgiliana (frontespizio del Commento di Servio a Virgilio),tardogotico,scuola-avignonese-papale,nuova_scuola,Frontespizio dipinto da Simone Martini durante il suo periodo avignonese (1340; 'Milano' indica la sede attuale in Ambrosiana): con altre opere della corte papale di Avignone nel lotto forma un gruppo coerente non coperto da alcuna scuola esistente.
allegorie-dei-mesi-antelami-ciclo,"Allegorie dei Mesi (ciclo completo, Portale dei Mesi)",gotico-italiano,bottega-antelami-parma,nuova_scuola,Ciclo scultoreo di Benedetto Antelami a Parma: appartiene al gruppo di bottega dell'artista.
allegorie-dei-mesi-antelami-luglio,Allegorie dei Mesi: Luglio,gotico-italiano,bottega-antelami-parma,nuova_scuola,Opera di Benedetto Antelami a Parma: appartiene al gruppo di bottega dell'artista.
allegorie-dei-mesi-antelami-settembre,Allegorie dei Mesi: Settembre,gotico-italiano,bottega-antelami-parma,nuova_scuola,Opera di Benedetto Antelami a Parma: appartiene al gruppo di bottega dell'artista.
allegorie-virtu-vizi-scrovegni,Allegorie dei Vizi e delle Virtù,trecento-italiano,bottega-giotto,nuova_scuola,Giotto a Padova (1303-1305): bottega di Giotto.
altare-di-ratchis-cividale,Altare di Ratchis,eta-longobarda,longobardi-cividale-friuli,nuova_scuola,"Nucleo di opere (Altare di Ratchis e Tempietto longobardo di Santa Maria in Valle) unite da uno stesso luogo e una stessa corte, il ducato longobardo di Cividale del Friuli sotto Ratchis (734-756 ca.), non coperto da alcuna scuola esistente sotto Eta longobarda."
altare-santambrogio-vuolvinio,Altare di Sant'Ambrogio (paliotto d'oro),eta-carolingia,bottega-vuolvinio-santambrogio,nuova_scuola,Paliotto d'oro firmato da Vuolvinio per Sant'Ambrogio a Milano: insieme al ciborio dello stesso edificio forma un gruppo di bottega non coperto da scuole esistenti.
aminadab-moglie-sistina,Aminadab e sua moglie,rinascimento-maturo,rinascimento-romano-giulio-leone,nuova_scuola,"Michelangelo, Cappella Sistina, Città del Vaticano (1512): cantiere vaticano di Giulio II."
annunciazione-visitazione-castelseprio,Annunciazione e Visitazione (particolare della decorazione dell'abside),eta-carolingia,ciclo-castelseprio,nuova_scuola,Affresco del ciclo di Santa Maria foris Portas a Castelseprio: con le altre scene dello stesso ciclo nel lotto forma un gruppo coerente non coperto da scuole esistenti.
annuncio-ad-anna-scrovegni,Annuncio ad Anna,trecento-italiano,bottega-giotto,nuova_scuola,Giotto a Padova (1303-1305): bottega di Giotto.
apparizione-capitolo-arles-assisi,"Apparizione al Capitolo di Arles (Storie di san Francesco, Assisi)",trecento-italiano,bottega-giotto,nuova_scuola,"Giotto ad Assisi (1290-1299 ca.): fa parte del corpus giottesco disperso nel contenitore generico Trecento italiano; si propone una scuola/bottega dedicata a Giotto che raccolga tutte le sue opere itineranti (Assisi, Firenze, Padova, Napoli, Roma)."
apparizione-capitolo-arles-bardi,Apparizione al Capitolo di Arles (cappella Bardi),trecento-italiano,bottega-giotto,nuova_scuola,Giotto a Firenze (1320-1325): bottega di Giotto.
appartamento-borgia-osiride-iside,"Appartamento Borgia, Mito di Iside e Osiride",quattrocento,quattrocento-romano,nuova_scuola,"Pinturicchio, Appartamento Borgia in Vaticano (1492-1494), commissione papale romana; riuso della scuola 'quattrocento-romano' (batch_08). Datazione successiva al range originario (1455-1482): si suggerisce estendere year_end al 1494."
appennino-giambologna-pratolino,L'Appennino,manierismo,cantieri-medicei-firenze-tardo-500,nuova_scuola,Giambologna per i Medici a Pratolino: cantiere granducale fiorentino del tardo Cinquecento.
aquila-di-suger,Aquila di Suger,gotico-francese,cantiere-di-saint-denis,nuova_scuola,Opera del cantiere di Saint-Denis promosso dall'abate Suger: con le altre due opere di Saint-Denis nel lotto forma un gruppo coerente non coperto da alcuna scuola esistente.
assunzione-della-vergine-correggio-duomo-parma,Assunzione della Vergine,rinascimento-maturo-italia-settentrionale,scuola-di-parma,nuova_scuola,"Correggio, cupola del Duomo di Parma: rientra nella nuova scuola di Parma."
assunzione-perugino-albertina,Assunzione (studio),rinascimento,quattrocento-romano,nuova_scuola,"Studio di Perugino databile al 1481, verosimilmente legato all'Assunzione dipinta per la parete d'altare della Cappella Sistina (distrutta nel 1536 per fare posto al Giudizio di Michelangelo): riuso della scuola 'quattrocento-romano' (cantiere pontificio) proposta nei batch precedenti."
autoritratto-allo-specchio-parmigianino,Autoritratto allo specchio,manierismo,scuola-di-parma,nuova_scuola,"Parmigianino, autoritratto dipinto a Parma prima della partenza per Roma (1524): rientra nella nuova scuola di Parma."
bacio-di-giuda-scrovegni,Il Bacio di Giuda,trecento-italiano,bottega-giotto,nuova_scuola,Giotto a Padova (1303-1305): bottega di Giotto.
banchetto-di-erode-masolino,Banchetto di Erode,tardogotico,corte-cardinale-branda-castiglioni,nuova_scuola,"Affresco di Masolino a Castiglione Olona, commissionato dal cardinale Branda Castiglioni: stessa corte del ciclo romano di San Clemente."
basilica-san-giorgio-maggiore-palladio,Basilica di San Giorgio Maggiore,manierismo,andrea-palladio-veneto,nuova_scuola,"Andrea Palladio, chiesa veneziana; stesso gruppo delle altre opere palladiane del lotto."
basilica-san-zeno-verona,Basilica di San Zeno,romanico,scuola-di-maestro-niccolo,nuova_scuola,"Basilica di San Zeno a Verona, cantiere di Maestro Niccolò: con altre opere veronesi dello stesso scultore nel lotto forma un gruppo non coperto da alcuna scuola esistente."
basilica-san-zeno-verona-int,Interno della basilica di San Zeno,romanico,scuola-di-maestro-niccolo,nuova_scuola,Interno della basilica di San Zeno: stesso cantiere di Maestro Niccolò.
basilica-santa-croce-firenze,Basilica di Santa Croce,gotico-italiano,arnolfo-di-cambio-firenze,nuova_scuola,"Arnolfo di Cambio a Firenze dal 1294 (fondazione di Santa Croce): apre la fase fiorentina della sua attivita, distinta da quella romano-umbra precedente; si propone una scuola dedicata."
battesimo-di-cristo,Battesimo di Cristo,quattrocento,bottega-piero-della-francesca-sansepolcro,nuova_scuola,"Piero della Francesca, opera degli esordi legata a Borgo Sansepolcro (pieve locale): nessuna scuola esistente copre l'area di Sansepolcro/Valtiberina in questo periodo."
battesimo-di-cristo-perugino-sistina,Battesimo di Cristo (cappella Sistina),quattrocento,quattrocento-romano,nuova_scuola,"Affresco della Cappella Sistina (Perugino/Pinturicchio), cantiere pontificio di Sisto IV, gruppo Quattrocento romano."
battistero-di-parma,Battistero di San Giovanni Battista di Parma,gotico-italiano,bottega-antelami-parma,nuova_scuola,Opera di Benedetto Antelami a Parma: con le altre sue opere del lotto forma un gruppo coerente (stesso autore/luogo) non coperto da alcuna scuola esistente.
battistero-san-giovanni-battista-pisa,Battistero di San Giovanni Battista,romanico-italiano,romanico-pisano,nuova_scuola,"Battistero di Pisa, complesso di Piazza dei Miracoli: con le altre opere pisane del lotto (torre campanaria, pulpito di Maestro Guglielmo) forma un gruppo coerente non coperto da alcuna scuola esistente."
bocca-orco-ligorio-bomarzo,La Bocca dell'Orco,manierismo,pirro-ligorio-giardini-laziali,nuova_scuola,"Pirro Ligorio, Sacro Bosco di Bomarzo: gruppo coerente con Villa d'Este a Tivoli, stesso autore e stessa temperie manierista laziale, non coperto da scuole esistenti."
busto-cosimo-i-bandinelli,Busto di Cosimo I,manierismo,corte-cosimo-i-firenze,nuova_scuola,"Bandinelli, busto di Cosimo I, Firenze 1544: rientra nel nuovo raggruppamento della corte di Cosimo I."
cacciata-di-eliodoro,Cacciata di Eliodoro dal Tempio,rinascimento-maturo,rinascimento-romano-giulio-leone,nuova_scuola,"Raffaello, Stanza di Eliodoro, Città del Vaticano (1511-1512): cantiere vaticano di Giulio II."
camera-dei-giganti,Camera dei Giganti,manierismo,palazzo-te-mantova,nuova_scuola,"Giulio Romano, Palazzo Te a Mantova."
camera-di-amore-e-psiche,Camera di Amore e Psiche,manierismo,palazzo-te-mantova,nuova_scuola,"Giulio Romano, Palazzo Te a Mantova."
camera-duchessa-etampes,Camera della duchessa d'Etampes,manierismo,scuola-di-fontainebleau,nuova_scuola,"Primaticcio, decorazione per Francesco I al Castello di Fontainebleau (1541-1544): insieme alle altre opere del cantiere presenti nel lotto, costituisce la 'Scuola di Fontainebleau', non coperta da alcuna scuola esistente."
candelabro-pasquale-san-paolo-fuori-le-mura,Candelabro pasquale della basilica di San Paolo fuori le Mura,romanico-italiano,marmorari-romani,nuova_scuola,"Candelabro pasquale della bottega dei Vassalletto, marmorari romani attivi a San Paolo fuori le Mura: con l'altra opera della stessa bottega nel lotto forma un gruppo non coperto da alcuna scuola esistente."
cappella-bardi-santa-croce,Affreschi della cappella Bardi (Storie di san Francesco),trecento-italiano,bottega-giotto,nuova_scuola,Giotto a Firenze (1320-1325): bottega di Giotto.
cappella-contarelli,Cappella Contarelli (insieme),barocco,cappella-contarelli-san-luigi,nuova_scuola,"Decorazione della Cappella Contarelli in San Luigi dei Francesi a Roma (1591-1602, Cavalier d'Arpino, Caravaggio e altri): insieme alle altre opere dello stesso cantiere presenti nel lotto, si propone una nuova scuola dedicata alla cappella."
cappella-peruzzi-santa-croce,Affreschi della cappella Peruzzi,trecento-italiano,bottega-giotto,nuova_scuola,Giotto a Firenze (1310-1320 ca.): bottega di Giotto.
cappella-san-brizio-ciclo-signorelli,Ciclo della cappella di San Brizio,quattrocento,cappella-san-brizio-orvieto,nuova_scuola,"Fa parte del ciclo della Cappella di San Brizio nel Duomo di Orvieto (Luca Signorelli, 1499-1502): nessuna scuola esistente copre Orvieto/Umbria in questo periodo; si propone una nuova scuola dedicata al cantiere."
cappella-san-brizio-zoccolatura,Zoccolatura con ritratto di Ovidio,rinascimento-fiorentino,cappella-san-brizio-orvieto,nuova_scuola,"Fa parte del ciclo della Cappella di San Brizio nel Duomo di Orvieto (Luca Signorelli, 1499-1502): nessuna scuola esistente copre Orvieto/Umbria in questo periodo; si propone una nuova scuola dedicata al cantiere."
cappella-sistina-interno,Interno della cappella Sistina,quattrocento,quattrocento-romano,nuova_scuola,"Cantiere della Cappella Sistina voluto da Sisto IV, nucleo del gruppo di opere del Quattrocento romano pontificio nel lotto."
casa-pendente-bomarzo,Casa pendente,manierismo,pirro-ligorio-giardini-laziali,nuova_scuola,"Pirro Ligorio, Sacro Bosco di Bomarzo: stesso gruppo del Parco dei Mostri e di Villa d'Este."
cattedra-di-elia-bari,Cattedra di Elia,romanico,romanico-pugliese,nuova_scuola,Bottega del Maestro di Elia a Bari (San Nicola): con altre opere di Bari e Trani nel lotto forma un gruppo pugliese coerente non coperto da alcuna scuola esistente.
cattedrale-saint-lazare-autun,Cattedrale di Saint-Lazare ad Autun,romanico,bottega-di-gislebertus,nuova_scuola,"Cattedrale di Saint-Lazare ad Autun, sculture firmate Gislebertus: con le altre opere autunesi del lotto forma un gruppo di bottega non coperto da alcuna scuola esistente."
cattedrale-san-giacomo-santiago,Cattedrale di San Giacomo a Santiago de Compostela,romanico,cattedrale-santiago-scuola,nuova_scuola,Cattedrale di Santiago de Compostela (Maestro Matteo): con la Porta degli Orefici dello stesso edificio nel lotto forma un gruppo di bottega/cantiere coerente non coperto da scuole esistenti.
cena-in-casa-del-fariseo-romanino,Cena in casa del fariseo,rinascimento-maturo-italia-settentrionale,scuola-bresciana,nuova_scuola,"Romanino, Brescia, 1532-1533: rientra nella nuova scuola bresciana."
chiesa-abbaziale-saint-denis,Chiesa abbaziale di Saint-Denis,gotico-francese,cantiere-di-saint-denis,nuova_scuola,"Chiesa abbaziale promossa dall'abate Suger, monumento fondativo del gotico: appartiene al gruppo del cantiere di Saint-Denis."
chiesa-redentore-palladio,Chiesa del Redentore,manierismo,andrea-palladio-veneto,nuova_scuola,"Andrea Palladio, chiesa veneziana; stesso gruppo delle altre opere palladiane del lotto."
chiesa-san-salvatore-brescia,Chiesa di San Salvatore,eta-longobarda,longobardi-brescia-desideriana,nuova_scuola,"Nucleo di opere unite dallo stesso luogo e committenza: il monastero di San Salvatore a Brescia, fondato dal re longobardo Desiderio, e la Croce a lui intitolata (750-820 ca.), non coperto da alcuna scuola esistente sotto Eta longobarda."
chiesa-santa-maria-in-valle-cividale,Chiesa di Santa Maria in Valle (Tempietto longobardo),eta-longobarda,longobardi-cividale-friuli,nuova_scuola,"Nucleo di opere (Altare di Ratchis e Tempietto longobardo di Santa Maria in Valle) unite da uno stesso luogo e una stessa corte, il ducato longobardo di Cividale del Friuli sotto Ratchis (734-756 ca.), non coperto da alcuna scuola esistente sotto Eta longobarda."
chiostro-san-paolo-fuori-le-mura,Chiostro della basilica di San Paolo fuori le Mura,romanico-italiano,marmorari-romani,nuova_scuola,"Chiostro di San Paolo fuori le Mura, bottega dei Vassalletto (Pietro e Jacopo)."
ciborio-san-paolo-fuori-mura,Ciborio di San Paolo fuori le Mura,gotico-italiano,bottega-arnolfo-di-cambio,nuova_scuola,"Arnolfo di Cambio a Roma (ciborio di San Paolo fuori le Mura, 1285): stessa bottega romano-umbra gia proposta in altro lotto, qui estesa fino al 1293."
ciborio-santa-cecilia-trastevere,Ciborio di Santa Cecilia in Trastevere,gotico-italiano,bottega-arnolfo-di-cambio,nuova_scuola,Arnolfo di Cambio a Roma (1293): fase romana della sua bottega.
ciborio-santambrogio,Ciborio,eta-carolingia,bottega-vuolvinio-santambrogio,nuova_scuola,"Ciborio della basilica di Sant'Ambrogio a Milano, riconducibile alla stessa temperie della bottega che produsse il paliotto di Vuolvinio nello stesso edificio."
ciclo-mesi-portale-san-marco,"Ciclo dei Mesi, Dicembre (portale maggiore)",romanico-italiano,scuola-marciana-veneziana,nuova_scuola,Decorazione scultorea del portale maggiore della Basilica di San Marco: appartiene al gruppo di opere della basilica veneziana.
ciclo-pittorico-santa-maria-foris-portas,Ciclo pittorico di Santa Maria foris Portas,eta-carolingia,ciclo-castelseprio,nuova_scuola,"Nucleo stesso del ciclo pittorico di Castelseprio, che da il nome al gruppo proposto."
collegiata-saint-sernin-tolosa,Collegiata di Saint-Sernin,romanico,bottega-bernardus-gelduinus-tolosa,nuova_scuola,"Collegiata di Saint-Sernin a Tolosa, scultore Bernardus Gelduinus: con la Porta Miegeville dello stesso edificio e scultore nel lotto forma un gruppo di bottega coerente non coperto da scuole esistenti."
compianto-su-cristo-morto,Compianto su Cristo morto,trecento-italiano,bottega-giotto,nuova_scuola,Giotto a Padova (1303-1305): bottega di Giotto.
complesso-uffizi-vasari,Complesso degli Uffizi,manierismo,cantieri-medicei-firenze-tardo-500,nuova_scuola,Vasari per Cosimo I: cantiere granducale fiorentino del tardo Cinquecento.
consegna-delle-chiavi,Consegna delle chiavi,rinascimento-fiorentino,quattrocento-romano,nuova_scuola,"Affresco di Perugino nella Cappella Sistina, cantiere pontificio romano di Sisto IV, piu' specifico e coerente del generico Rinascimento fiorentino (Perugino era umbro, attivo a Roma per questa commissione)."
coretti-scrovegni,Coretti (finti ambienti prospettici),trecento-italiano,bottega-giotto,nuova_scuola,Giotto a Padova (1303-1305): bottega di Giotto.
corridoio-vasariano,Corridoio Vasariano,manierismo,cantieri-medicei-firenze-tardo-500,nuova_scuola,Vasari per Cosimo I: cantiere granducale fiorentino del tardo Cinquecento.
cortile-palazzo-pitti-ammannati,Cortile di Palazzo Pitti (ali laterali),manierismo,cantieri-medicei-firenze-tardo-500,nuova_scuola,Ammannati per Cosimo I a Palazzo Pitti: cantiere granducale fiorentino del tardo Cinquecento.
creazione-di-adamo,Creazione di Adamo,rinascimento-maturo,rinascimento-romano-giulio-leone,nuova_scuola,"Michelangelo, Cappella Sistina, Città del Vaticano (1510): cantiere vaticano di Giulio II."
creazione-di-adamo-assisi-torriti,Creazione di Adamo,duecento-italiano,bottega-jacopo-torriti,nuova_scuola,Jacopo Torriti ad Assisi (1288-1292): con la Volta della Deesis e l'Incoronazione di Santa Maria Maggiore a Roma forma un chiaro gruppo di bottega itinerante Assisi-Roma.
cristo-e-langelo-moretto,Cristo e l'angelo (Ecce homo),rinascimento-maturo-italia-settentrionale,scuola-bresciana,nuova_scuola,"Moretto, Brescia, 1550: rientra nella nuova scuola bresciana."
cristo-nellorto-versione-mantegnesca,Orazione di Gesù nell'orto degli ulivi,,mantegna-padova,nuova_scuola,"Andrea Mantegna, Orazione nell'orto (ca. 1458-1460): opera del periodo padovano/veronese di Mantegna, coerente con le altre opere dello stesso nucleo presenti nel lotto (Martirio di San Sebastiano, Cappella Ovetari): si propone la nuova scuola 'Andrea Mantegna a Padova'."
cristo-pantocratore-castelseprio,Cristo Pantocratore (particolare della decorazione dell'abside),eta-carolingia,ciclo-castelseprio,nuova_scuola,"Particolare del ciclo di Castelseprio, stesso gruppo delle altre scene nel lotto."
cristo-sol-invictus-san-nicola-bari,Cristo Sol Invictus (chiave dell'archivolto del protiro),romanico,romanico-pugliese,nuova_scuola,"Basilica di San Nicola a Bari, bottega del Maestro di Elia: gruppo pugliese coerente con altre opere di Bari e Trani."
croce-di-desiderio,Croce di Desiderio,eta-longobarda,longobardi-brescia-desideriana,nuova_scuola,"Nucleo di opere unite dallo stesso luogo e committenza: il monastero di San Salvatore a Brescia, fondato dal re longobardo Desiderio, e la Croce a lui intitolata (750-820 ca.), non coperto da alcuna scuola esistente sotto Eta longobarda."
crocifissione-assisi-cimabue,"Crocifissione (transetto sinistro, basilica superiore di San Francesco)",duecento-italiano,bottega-cimabue,nuova_scuola,Cimabue ad Assisi (1288-1290): bottega di Cimabue.
crocifissione-giovanni-pistoia,Crocifissione (particolare del pulpito di Sant'Andrea a Pistoia),gotico-italiano,bottega-nicola-pisano,nuova_scuola,Giovanni Pisano a Pistoia (1298-1301): prosecuzione della bottega di Nicola/Giovanni Pisano.
crocifissione-nicola-siena,Crocifissione (particolare del pulpito della cattedrale di Siena),gotico-italiano,bottega-nicola-pisano,nuova_scuola,Particolare del pulpito di Nicola Pisano a Siena: appartiene al gruppo di bottega dell'artista.
crocifissione-san-vincenzo-volturno,"Crocifissione tra la Vergine, san Giovanni Evangelista e l'abate Epifanio",eta-carolingia,cripta-di-epifanio-volturno,nuova_scuola,"Crocifissione della cripta di Epifanio, stesso ciclo e committenza dell'affresco gemello nel lotto."
crocifisso-san-domenico-arezzo,Crocifisso di San Domenico ad Arezzo,duecento-italiano,bottega-cimabue,nuova_scuola,Crocifisso di Cimabue ad Arezzo: con altre opere del lotto forma un gruppo coerente (bottega dell'artista) non coperto da alcuna scuola esistente.
crocifisso-san-gimignano,Crocifisso di San Gimignano,duecento-italiano,bottega-coppo-di-marcovaldo,nuova_scuola,Crocifisso di Coppo di Marcovaldo a San Gimignano: con altre sue opere del lotto forma un gruppo di bottega non coperto da alcuna scuola esistente.
crocifisso-santa-croce-firenze,Crocifisso di Santa Croce,duecento-italiano,bottega-cimabue,nuova_scuola,Crocifisso di Cimabue a Firenze: appartiene al gruppo di bottega dell'artista.
crocifisso-santa-maria-novella-giotto,Crocifisso di Santa Maria Novella,trecento-italiano,bottega-giotto,nuova_scuola,Giotto a Firenze (1290 ca.): bottega di Giotto.
cupola-ascensione-san-marco,Cupola dell'Ascensione (Basilica di San Marco),arte-bizantina,scuola-marciana-veneziana,nuova_scuola,Mosaico della Basilica di San Marco a Venezia: il lotto 04 ha già proposto una 'scuola marciana veneziana' per lo stesso monumento (arte-bizantina); si conferma e si estende l'intervallo iniziale al 1172 per includere quest'opera.
cupola-san-pietro,Cupola di San Pietro,rinascimento-maturo,fabbrica-san-pietro-cinquecento,nuova_scuola,"Progetto di Michelangelo per la cupola di San Pietro, diretta continuazione della Fabbrica vaticana gia' proposta nel batch 11 (Sangallo/Michelangelo); la realizzazione (1566-1593, dopo la morte di Michelangelo) prolunga l'arco cronologico li' indicato (fino al 1564)."
danae-correggio,Danae,rinascimento-maturo-italia-settentrionale,scuola-di-parma,nuova_scuola,"Correggio, serie mitologica degli 'Amori di Giove' (commissionata da Federico Gonzaga ma dipinta a Parma): rientra nella nuova scuola di Parma."
decorazione-san-benedetto-malles,Affreschi di San Benedetto a Malles,eta-carolingia,pittura-carolingia-retica,nuova_scuola,"Affreschi carolingi di Malles, stesso ambito artistico dei cicli di Mustair (fine VIII - meta IX sec.): con altre opere del lotto forma un gruppo coerente (area retica) non coperto da alcuna scuola esistente."
decorazione-san-giovanni-mustair,Pitture murali di San Giovanni a Müstair,eta-carolingia,pittura-carolingia-retica,nuova_scuola,"Pitture murali di San Giovanni a Mustair, nucleo del gruppo retico carolingio insieme a Malles: nessuna scuola specifica esiste in albero."
decorazione-scultorea-san-geminiano-wiligelmo,Decorazione scultorea della cattedrale di San Geminiano (Portale centrale e lastre),romanico,scuola-di-wiligelmo,nuova_scuola,"Sculture di Wiligelmo per il Duomo di Modena: con altre opere dello stesso cantiere (Lanfranco, Maestro delle Metope, Maestro di Artù) forma un gruppo coerente non coperto da alcuna scuola esistente."
deposizione-barisano-trani,Deposizione di Cristo dalla croce (formella del portale),romanico,romanico-pugliese,nuova_scuola,"Portale del Duomo di Trani, Barisano da Trani: gruppo pugliese coerente con le opere di Bari nel lotto."
deposizione-di-cristo-antelami,Deposizione di Cristo dalla croce,gotico-italiano,bottega-antelami-parma,nuova_scuola,"Opera firmata Benedetto Antelami a Parma (1178): il lotto 04 ha già proposto una 'bottega di Antelami a Parma' (1196-1230); si estende qui l'intervallo iniziale al 1178, anno di questa sua opera datata più antica."
diana-correggio-san-paolo,Diana (camera della badessa),rinascimento-maturo-italia-settentrionale,scuola-di-parma,nuova_scuola,"Correggio, Camera di San Paolo a Parma: stesso ciclo/contesto della voce precedente, confluisce nella nuova scuola di Parma."
discorso-della-montagna-rosselli-sistina,Discorso della montagna,quattrocento,quattrocento-romano,nuova_scuola,"Affresco di Cosimo Rosselli nella Cappella Sistina, cantiere pontificio di Sisto IV, gruppo Quattrocento romano."
disputa-del-santissimo-sacramento,Disputa del Santissimo Sacramento (Esaltazione dell'ostia consacrata),rinascimento-maturo,rinascimento-romano-giulio-leone,nuova_scuola,"Raffaello, Stanza della Segnatura, Città del Vaticano (1508-1509): rientra nel cantiere vaticano di Giulio II e Leone X individuato nel lotto."
disputa-santa-caterina,Disputa di santa Caterina d'Alessandria con i filosofi,quattrocento,quattrocento-romano,nuova_scuola,"Pinturicchio, Appartamento Borgia in Vaticano (1492-1494): stesso ciclo dell'opera precedente, riuso di 'quattrocento-romano' con la stessa nota di estensione del range al 1494."
dittico-di-melun,Dittico di Melun,quattrocento-fiammingo,corte-di-tours-fouquet,nuova_scuola,"Jean Fouquet, pittore francese della corte reale di Tours: erroneamente incluso tra il fiammingo, nessuna scuola esiste per la corte di Tours."
dittico-duchi-di-urbino,Doppio ritratto di Battista Sforza e Federico da Montefeltro (Dittico dei duchi di Urbino),quattrocento,corte-montefeltresca-urbino,nuova_scuola,"Doppio ritratto dei duchi di Urbino di Piero della Francesca, commissione della corte montefeltresca (oggi agli Uffizi solo per collocazione museale)."
doppio-trionfo-battista-sforza-federico,Doppio trionfo di Battista Sforza e Federico da Montefeltro,quattrocento,corte-montefeltresca-urbino,nuova_scuola,"Retro del dittico dei duchi di Urbino di Piero della Francesca, stessa commissione montefeltresca del gruppo urbinate."
dottori-della-chiesa-assisi,"Dottori della Chiesa (volta prima campata, chiesa superiore di Assisi)",trecento-italiano,bottega-giotto,nuova_scuola,Giotto ad Assisi (1291-1296 ca.): bottega di Giotto.
el-escorial,Monastero di San Lorenzo (El Escorial),controriforma,corte-filippo-ii-escorial,nuova_scuola,"Monastero di San Lorenzo (El Escorial), commissionato da Filippo II: insieme alle altre opere del cantiere presenti nel lotto (Cambiaso, El Greco), costituisce un nucleo coerente non coperto da alcuna scuola esistente; si propone una nuova scuola dedicata alla corte di Filippo II a El Escorial."
elefante-trionfale,"Elefante trionfale, tributo allegorico a Francesco I",manierismo,scuola-di-fontainebleau,nuova_scuola,"Rosso Fiorentino e Primaticcio, Fontainebleau (1534-1540): rientra nella nuova scuola di Fontainebleau proposta in questo lotto."
elia-svegliato-dallangelo-moretto,Elia svegliato dall'angelo,rinascimento-maturo-italia-settentrionale,scuola-bresciana,nuova_scuola,"Moretto, Brescia, 1543: rientra nella nuova scuola bresciana."
enoch-elia-epigrafe-modena,Enoch ed Elia con l'epigrafe commemorativa della fondazione,romanico,scuola-di-wiligelmo,nuova_scuola,Rilievo di Wiligelmo per il Duomo di Modena: appartiene al medesimo gruppo di bottega.
etienne-chevalier-presentato-da-santo-stefano,Étienne Chevalier presentato da santo Stefano (scomparto sinistro del Dittico di Melun),quattrocento-fiammingo,corte-di-tours-fouquet,nuova_scuola,"Pannello del Dittico di Melun di Jean Fouquet, corte di Tours: stesso corpus del pannello gemello."
eva-paradiso-terrestre-autun,Eva nel Paradiso terrestre,romanico,bottega-di-gislebertus,nuova_scuola,"Scultura firmata Gislebertus, cattedrale di Autun."
evangelista-marco-veduta-roma-cimabue,L'evangelista Marco con veduta di Roma,duecento-italiano,bottega-cimabue,nuova_scuola,Cimabue ad Assisi (1288-1290): bottega di Cimabue.
facciata-basilica-san-marco,Facciata della basilica di San Marco,romanico-italiano,scuola-marciana-veneziana,nuova_scuola,Facciata della Basilica di San Marco: appartiene al gruppo di opere della basilica veneziana.
facciata-cattedrale-modena-lanfranco,Facciata della cattedrale di San Geminiano,romanico,scuola-di-wiligelmo,nuova_scuola,"Facciata del Duomo di Modena, opera di Lanfranco: fa parte del medesimo cantiere di Wiligelmo."
facciata-duomo-siena,Facciata della cattedrale di Santa Maria Assunta,gotico-italiano,bottega-nicola-pisano,nuova_scuola,"Giovanni Pisano, facciata del Duomo di Siena (1285-1297): prosecuzione della bottega di Nicola e Giovanni Pisano gia proposta altrove, qui estesa fino al 1314."
facciata-duomo-siena-particolare,Facciata della cattedrale di Santa Maria Assunta (particolare della decorazione scultorea),gotico-italiano,bottega-nicola-pisano,nuova_scuola,Particolare della facciata del Duomo di Siena di Giovanni Pisano: stessa bottega di Nicola/Giovanni Pisano.
festa-del-rosario-durer,La festa del Rosario,rinascimento-maturo-italia-settentrionale,durer-maturita,nuova_scuola,"Dürer dipinge questa pala a Venezia nel 1506 per la comunita' dei mercanti tedeschi ('Praga' e' la sede museale attuale): apre, con le altre opere di Dürer nel lotto (Norimberga, 1510-1516), un gruppo coerente del corpus maturo dell'artista non coperto dalla scuola 'arte-tedesca-quattrocento' (che si ferma al 1500)."
festoni-vegetali-loggia-psiche,Decorazione a festoni vegetali della Loggia di Psiche,rinascimento-maturo,rinascimento-romano-giulio-leone,nuova_scuola,"Giovanni da Udine, Villa Farnesina, Roma (1517-1519), collaboratore di Raffaello: cantiere romano di Leone X."
fianco-esterno-cattedrale-modena,Fianco esterno meridionale della cattedrale di San Geminiano,romanico,scuola-di-wiligelmo,nuova_scuola,"Fianco del Duomo di Modena, opera di Lanfranco: stesso cantiere di Wiligelmo."
figura-santo-barisano-trani,Figura di santo (formella del portale),romanico,romanico-pugliese,nuova_scuola,"Portale del Duomo di Trani, Barisano da Trani: gruppo pugliese."
flagellazione-di-cristo,Flagellazione di Cristo,quattrocento,corte-montefeltresca-urbino,nuova_scuola,"Piero della Francesca a Urbino per la corte di Federico da Montefeltro: nel lotto emerge un chiaro gruppo di opere legate a questa corte, non coperto da alcuna scuola esistente."
fontainebleau-porte-doree,"Porte Dorée, Castello di Fontainebleau",manierismo,scuola-di-fontainebleau,nuova_scuola,"Le Breton, Porte Dorée del castello di Fontainebleau (dal 1528): rientra nella nuova scuola di Fontainebleau proposta in questo lotto, di cui costituisce l'intervento più antico."
fontana-della-giovinezza-manta,Fontana della giovinezza,tardogotico,ciclo-castello-della-manta,nuova_scuola,"Ciclo pittorico del castello della Manta, Saluzzo (post 1420): con l'altra scena dello stesso ciclo nel lotto forma un gruppo coerente (luogo/committenza) non coperto da alcuna scuola esistente."
fontana-maggiore-perugia,Fontana Maggiore,gotico-italiano,bottega-nicola-pisano,nuova_scuola,Fontana Maggiore di Nicola e Giovanni Pisano a Perugia: appartiene al gruppo di bottega degli stessi artisti.
fontana-minore-perugia-arnolfo,Fontana Minore di Perugia (Donna assetata),gotico-italiano,bottega-arnolfo-di-cambio,nuova_scuola,Fontana di Arnolfo di Cambio a Perugia: con altre sue opere del lotto forma un gruppo di bottega itinerante non coperto da alcuna scuola esistente.
fontana-nettuno-ammannati,Fontana del Nettuno,manierismo,cantieri-medicei-firenze-tardo-500,nuova_scuola,Ammannati per Cosimo I a Firenze: cantiere granducale fiorentino del tardo Cinquecento.
fontana-rometta-villa-este-tivoli,Fontana della Rometta,manierismo,pirro-ligorio-giardini-laziali,nuova_scuola,"Pirro Ligorio, Villa d'Este a Tivoli: stesso gruppo di Bomarzo."
fuga-in-egitto-mustair,Fuga in Egitto (particolare della decorazione della navata),eta-carolingia,pittura-carolingia-retica,nuova_scuola,"Particolare del ciclo pittorico di Mustair, parte del gruppo retico carolingio."
galleria-francesco-i,Galleria di Francesco I,manierismo,scuola-di-fontainebleau,nuova_scuola,"Rosso Fiorentino e Primaticcio, Galleria di Francesco I, Fontainebleau (1534-1540): opera-cardine della nuova scuola di Fontainebleau proposta in questo lotto."
ganimede-e-laquila-correggio,Ganimede e l'aquila,rinascimento-maturo-italia-settentrionale,scuola-di-parma,nuova_scuola,"Correggio, serie degli 'Amori di Giove': rientra nella nuova scuola di Parma."
genio-della-vittoria,Genio della Vittoria,rinascimento-maturo,cappelle-medicee-michelangelo,nuova_scuola,"Michelangelo, opera legata al progetto della Sagrestia Nuova/tomba di Giulio II, Firenze 1532."
ghiera-tralcio-vite-santa-maria-valle,Ghiera con tralcio di vite (controfacciata),eta-longobarda,longobardi-cividale-friuli,nuova_scuola,"Nucleo di opere (Altare di Ratchis e Tempietto longobardo di Santa Maria in Valle) unite da uno stesso luogo e una stessa corte, il ducato longobardo di Cividale del Friuli sotto Ratchis (734-756 ca.), non coperto da alcuna scuola esistente sotto Eta longobarda."
giardino-boboli-palazzo-pitti,Giardino di Boboli,manierismo,cantieri-medicei-firenze-tardo-500,nuova_scuola,"Ammannati per Cosimo I/Francesco I a Firenze: rientra nel gruppo dei grandi cantieri granducali fiorentini del secondo Cinquecento, non coperto da scuole esistenti."
giochi-aristocratici-palazzo-borromeo,Giochi aristocratici (Gioco della palla),tardogotico,corte-viscontea-tardogotica,nuova_scuola,"Maestro dei Giochi Borromeo, affreschi di Palazzo Borromeo a Milano: stesso ambito cortese tardogotico lombardo."
giudizio-universale-autun,Giudizio Universale (timpano del portale d'ingresso),romanico,bottega-di-gislebertus,nuova_scuola,"Timpano firmato Gislebertus, cattedrale di Autun."
giudizio-universale-santa-cecilia-cavallini,Giudizio Universale,duecento-italiano,bottega-pietro-cavallini,nuova_scuola,Pietro Cavallini a Roma (entro il 1293): con i mosaici di Santa Maria in Trastevere e la Presentazione al Tempio forma un chiaro gruppo di bottega romana.
giudizio-universale-scrovegni,Giudizio Universale,trecento-italiano,bottega-giotto,nuova_scuola,Giotto a Padova (1305 ca.): bottega di Giotto.
gli-amanti-tarocchi-visconti-bembo,"Gli amanti, dal Mazzo di Tarocchi per Filippo Maria Visconti",tardogotico,corte-viscontea-tardogotica,nuova_scuola,"Bonifacio Bembo, Tarocchi Visconti per la corte di Filippo Maria Visconti: stesso ambito cortese lombardo."
gloria-trinita-cambiaso,Gloria della Trinità,controriforma,corte-filippo-ii-escorial,nuova_scuola,"Luca Cambiaso, Gloria della Trinità, dipinta per El Escorial su commissione di Filippo II (1584-1585): rientra nella nuova scuola dedicata alla corte di Filippo II a El Escorial."
grande-passione-durer-cattura-di-cristo,Cattura di Cristo (dalla Grande Passione),rinascimento-maturo-italia-settentrionale,durer-maturita,nuova_scuola,"Dürer, dalla Grande Passione, eseguita a Norimberga (1510; 'Washington D.C.' e' la sede museale attuale): corpus maturo di Dürer individuato nel lotto."
gregorio-ix-approva-le-decretali,"Gregorio IX approva le Decretali (Fortezza, Prudenza e Temperanza)",rinascimento-maturo,rinascimento-romano-giulio-leone,nuova_scuola,"Raffaello, Stanza della Segnatura, Città del Vaticano (1511): cantiere vaticano di Giulio II."
grotta-grande-boboli-buontalenti,La Grotta Grande,manierismo,cantieri-medicei-firenze-tardo-500,nuova_scuola,Buontalenti per Francesco I de' Medici a Boboli: cantiere granducale fiorentino del tardo Cinquecento.
il-sarto-moroni,Il sarto,rinascimento-maturo-italia-settentrionale,scuola-bresciana,nuova_scuola,"Giovan Battista Moroni: stesso gruppo del ritratto di gentiluomo, riconducibile alla scuola bresciana gia' proposta nel batch 11."
incendio-di-borgo,Incendio di Borgo,rinascimento-maturo,rinascimento-romano-giulio-leone,nuova_scuola,"Raffaello, Stanza dell'Incendio di Borgo, Città del Vaticano (1514): cantiere vaticano, epoca di Leone X."
incontro-gioacchino-anna-porta-aurea,Incontro di Gioacchino e Anna alla Porta Aurea,trecento-italiano,bottega-giotto,nuova_scuola,Giotto a Padova (1303-1305): bottega di Giotto.
incontro-leone-magno-attila,L'incontro di papa Leone Magno e Attila,rinascimento-maturo,rinascimento-romano-giulio-leone,nuova_scuola,"Raffaello, Stanza di Eliodoro, Città del Vaticano (1513-1514): cantiere vaticano, fase iniziale di Leone X."
incoronazione-vergine-santa-maria-maggiore,Incoronazione della Vergine,duecento-italiano,bottega-jacopo-torriti,nuova_scuola,Jacopo Torriti a Roma (1296): stessa bottega itinerante di Torriti attiva anche ad Assisi.
inferno-battistero-firenze,Inferno (decorazione della cupola del battistero),duecento-italiano,bottega-coppo-di-marcovaldo,nuova_scuola,Decorazione della cupola del battistero fiorentino di Coppo di Marcovaldo e Meliore: appartiene al gruppo di bottega.
innocenzo-iii-conferma-regola,Innocenzo III conferma la regola,trecento-italiano,bottega-giotto,nuova_scuola,Giotto ad Assisi (1290-1299 ca.): bottega di Giotto.
interno-cattedrale-modena-lanfranco,Interno della cattedrale di San Geminiano,romanico,scuola-di-wiligelmo,nuova_scuola,"Interno del Duomo di Modena, opera di Lanfranco: stesso cantiere di Wiligelmo."
io-correggio,Io,rinascimento-maturo-italia-settentrionale,scuola-di-parma,nuova_scuola,"Correggio, serie degli 'Amori di Giove': rientra nella nuova scuola di Parma."
la-perla-giulio-romano,"Madonna con il Bambino, sant'Anna e san Giovannino (detta La Perla)",rinascimento-maturo,rinascimento-romano-giulio-leone,nuova_scuola,"Giulio Romano, principale collaboratore di Raffaello a Roma fino al 1524 (1518-1520 circa; 'Madrid' e' la sede museale attuale): rientra nel cantiere/bottega romana di Raffaello sotto Leone X."
leda-e-il-cigno-correggio,Leda e il cigno,rinascimento-maturo-italia-settentrionale,scuola-di-parma,nuova_scuola,"Correggio, serie degli 'Amori di Giove': rientra nella nuova scuola di Parma."
liberazione-di-san-pietro-dal-carcere,Liberazione di san Pietro dal carcere,rinascimento-maturo,rinascimento-romano-giulio-leone,nuova_scuola,"Raffaello, Stanza di Eliodoro, Città del Vaticano (1513-1514): cantiere vaticano."
logge-vaticane,Logge Vaticane,rinascimento-maturo,rinascimento-romano-giulio-leone,nuova_scuola,"Raffaello, Città del Vaticano (1516-1519): cantiere vaticano di Leone X."
loggia-di-davide,Loggia di Davide (Palazzo Te),manierismo,palazzo-te-mantova,nuova_scuola,"Giulio Romano, Palazzo Te a Mantova: cantiere unitario della corte gonzaghesca, non coperto da scuole esistenti."
loggia-di-psiche-farnesina,Loggia di Psiche (ciclo: Il concilio degli dèi e il Banchetto nuziale),rinascimento-maturo,rinascimento-romano-giulio-leone,nuova_scuola,"Raffaello, Villa Farnesina, Roma (1517-1519): cantiere romano di Leone X."
madonna-bambino-berlinghiero,Madonna con il Bambino (attribuita a Berlinghiero Berlinghieri),pittura-romanica-italiana,scuola-lucchese-berlinghieri,nuova_scuola,"Dipinto di Berlinghiero Berlinghieri, capostipite della scuola lucchese di pittura duecentesca, non coperta da alcuna scuola esistente."
madonna-col-bambino-tra-i-santi-lotto-1508,Madonna col Bambino tra i santi di Antiochia e Onofrio,rinascimento-maturo-italia-settentrionale,rinascimento-romano-giulio-leone,nuova_scuola,"Lorenzo Lotto a Roma (1508), durante il suo breve soggiorno presso la corte di Giulio II (chiamato a collaborare alla Stanza della Segnatura): pur di formazione veneta, l'opera condivide il luogo e il momento del cantiere vaticano, analogamente ad altri artisti 'ospiti' inclusi nelle scuole di corte proposte in altri lotti."
madonna-con-bambino-prato-giovanni-pisano,Madonna con il Bambino,gotico-italiano,bottega-nicola-pisano,nuova_scuola,Giovanni Pisano a Prato (1300 ca.): bottega di Nicola/Giovanni Pisano.
madonna-dagli-occhi-di-vetro,Madonna dagli occhi di vetro,duecento-italiano,arnolfo-di-cambio-firenze,nuova_scuola,Arnolfo di Cambio a Firenze (1300-1310): fase fiorentina della bottega.
madonna-dal-collo-lungo-parmigianino,"Madonna con il Bambino, gli angeli e un profeta (Madonna dal collo lungo)",manierismo,scuola-di-parma,nuova_scuola,"Parmigianino, pala per una cappella di Parma dopo il rientro dal soggiorno romano-bolognese: rientra nella nuova scuola di Parma."
madonna-del-bordone,Madonna del Bordone,duecento-italiano,bottega-coppo-di-marcovaldo,nuova_scuola,Dipinto di Coppo di Marcovaldo a Siena: appartiene al gruppo di bottega dell'artista.
madonna-del-roseto,Madonna con il Bambino e santa Caterina (detta Madonna del roseto),tardogotico,bottega-michelino-da-besozzo,nuova_scuola,"Michelino da Besozzo, Verona (1420 circa): con l'altra opera dello stesso maestro lombardo itinerante nel lotto forma un gruppo di bottega non coperto da alcuna scuola esistente."
madonna-di-san-girolamo-correggio,Madonna di san Girolamo (Il Giorno),rinascimento-maturo-italia-settentrionale,scuola-di-parma,nuova_scuola,"Correggio, pala per una chiesa di Parma (Il Giorno): rientra nella nuova scuola di Parma."
madonna-di-senigallia,Madonna con il Bambino benedicente e due angeli (Madonna di Senigallia),quattrocento,corte-montefeltresca-urbino,nuova_scuola,"Piero della Francesca a Urbino per Federico da Montefeltro, parte del gruppo di opere della corte urbinate."
madonna-sistina,"Madonna Sistina (Madonna con il Bambino, i santi Sisto e Barbara e due angeli)",rinascimento-maturo,rinascimento-romano-giulio-leone,nuova_scuola,"Raffaello, opera eseguita a Roma (1512-1513) e destinata a Piacenza per volere di Giulio II; 'Dresda' e' la sede museale attuale. Cantiere/corte di Giulio II."
madonna-vergine-medicea,Madonna con il Bambino (detta Vergine Medicea),rinascimento-maturo,cappelle-medicee-michelangelo,nuova_scuola,"Michelangelo, Sagrestia Nuova, Firenze."
maesta-del-louvre,Maestà del Louvre,duecento-italiano,bottega-cimabue,nuova_scuola,"Maestà attribuita a Cimabue (oggi al Louvre, ma opera italiana del Duecento): appartiene al gruppo di bottega dell'artista."
maesta-di-santa-trinita,Maestà di Santa Trinita,duecento-italiano,bottega-cimabue,nuova_scuola,Maestà di Cimabue a Firenze: appartiene al gruppo di bottega dell'artista.
maesta-ognissanti,Maestà d'Ognissanti,trecento-italiano,bottega-giotto,nuova_scuola,Giotto a Firenze (1310 ca.): bottega di Giotto.
maiestas-domini-altare-ratchis,Maiestas Domini (paliotto dell'Altare di Ratchis),eta-longobarda,longobardi-cividale-friuli,nuova_scuola,"Nucleo di opere (Altare di Ratchis e Tempietto longobardo di Santa Maria in Valle) unite da uno stesso luogo e una stessa corte, il ducato longobardo di Cividale del Friuli sotto Ratchis (734-756 ca.), non coperto da alcuna scuola esistente sotto Eta longobarda."
martirio-di san-sebastino,Martirio di San Sebastiano,quattrocento,mantegna-padova,nuova_scuola,"Andrea Mantegna, Martirio di San Sebastiano (1459): opera del periodo padovano/veronese di Mantegna, coerente con le altre opere dello stesso nucleo presenti nel lotto: si propone la nuova scuola 'Andrea Mantegna a Padova'."
martirio-e-trasporto-del-corpo-di-san-cristoforo,Martirio e trasporto del corpo di san Cristoforo (cappella Ovetari),quattrocento,mantegna-padova,nuova_scuola,"Andrea Mantegna, Cappella Ovetari, Padova (1449-1455): nucleo fondante della nuova scuola 'Andrea Mantegna a Padova' proposta in questo lotto."
martirio-san-matteo-caravaggio,Martirio di San Matteo,barocco,cappella-contarelli-san-luigi,nuova_scuola,"Caravaggio, Martirio di San Matteo, Cappella Contarelli, San Luigi dei Francesi, Roma (1599-1600): rientra nella nuova scuola dedicata alla cappella proposta in questo lotto."
martirio-san-maurizio,Martirio di san Maurizio,controriforma,corte-filippo-ii-escorial,nuova_scuola,"El Greco, Martirio di San Maurizio, dipinto per El Escorial su commissione di Filippo II (1580-1582, opera poi rifiutata dal re): rientra nella nuova scuola dedicata alla corte di Filippo II a El Escorial."
martirio-santi-pietro-e-paolo-mustair,Martirio dei santi Pietro e Paolo,eta-carolingia,pittura-carolingia-retica,nuova_scuola,"Particolare del ciclo pittorico di Mustair, parte del gruppo retico carolingio."
matteo-resuscita-figlio-re-etiopia-arpino,Matteo resuscita il figlio del re d'Etiopia,manierismo,cappella-contarelli-san-luigi,nuova_scuola,"Cavalier d'Arpino, affreschi della volta della Cappella Contarelli, San Luigi dei Francesi, Roma (1593), precedenti l'intervento di Caravaggio sulle pareti: rientra nella nuova scuola dedicata alla cappella proposta in questo lotto."
medaglia-giovanni-viii-paleologo-pisanello,Medaglia di Giovanni VIII Paleologo,tardogotico,pisanello-corti-italiane,nuova_scuola,"Medaglia di Pisanello realizzata a Firenze in occasione del Concilio, ma appartenente al corpus cortese del maestro veronese (non un'opera della scuola fiorentina)."
medaglia-san-pietro-caradosso,Medaglia commemorativa della posa della prima pietra della basilica di San Pietro,rinascimento-maturo,rinascimento-romano-giulio-leone,nuova_scuola,"Medaglia di Caradosso per la posa della prima pietra della nuova basilica di San Pietro, Roma 1505, voluta da Giulio II: apre un chiaro gruppo di opere del cantiere vaticano di Giulio II e Leone X presente in massa nel lotto, non coperto da alcuna scuola esistente."
melencolia-i-durer,Melencolia I,rinascimento-maturo-italia-settentrionale,durer-maturita,nuova_scuola,"Dürer, incisione eseguita a Norimberga (1514; 'New York' e' la sede museale attuale): corpus maturo di Dürer individuato nel lotto."
mercurio-giambologna,Mercurio,manierismo,cantieri-medicei-firenze-tardo-500,nuova_scuola,Giambologna per i Medici a Firenze: cantiere granducale fiorentino del tardo Cinquecento.
messa-di-bolsena,Messa di Bolsena,rinascimento-maturo,rinascimento-romano-giulio-leone,nuova_scuola,"Raffaello, Stanza di Eliodoro, Città del Vaticano (1512): cantiere vaticano di Giulio II."
messa-di-san-gregorio-romanino,La messa di san Gregorio,rinascimento-maturo-italia-settentrionale,scuola-bresciana,nuova_scuola,"Romanino, San Giovanni Evangelista a Brescia: nucleo della scuola bresciana (Romanino, Moretto, Savoldo), non coperta da alcuna scuola esistente."
metope-maestro-delle-metope,Metope dei contrafforti esterni,romanico,scuola-di-wiligelmo,nuova_scuola,Metope del Duomo di Modena: bottega collegata al cantiere di Wiligelmo.
miracoli-di-san-vincenzo-ferrer,Miracoli di san Vincenzo Ferrer (Predella Polittico Griffoni),quattrocento,cossa-de-roberti-bologna,nuova_scuola,"Predella del Polittico Griffoni (Ercole de' Roberti), commissionato da Floriano Griffoni per la cappella di San Vincenzo Ferrer in San Petronio a Bologna (1472-1473); 'Città del Vaticano' è solo la sede museale attuale (Pinacoteca Vaticana). Apre, con altri pannelli dispersi del lotto, il gruppo dedicato al cantiere bolognese di Cossa e de' Roberti."
miracolo-pellegrini-san-nicola-gentile,Miracolo dei pellegrini sulla tomba di san Nicola di Bari (predella del Polittico Quaratesi),tardogotico,bottega-gentile-da-fabriano,nuova_scuola,Predella del Polittico Quaratesi di Gentile da Fabriano (1425; 'Washington' indica la sede attuale): appartiene al gruppo di bottega dell'artista itinerante individuato nel lotto.
monumento-funebre-guillaume-de-braye,Monumento funebre del cardinale Guillaume de Braye,duecento-italiano,bottega-arnolfo-di-cambio,nuova_scuola,Monumento funebre di Arnolfo di Cambio a Orvieto: appartiene al gruppo di bottega dell'artista.
monumento-funebre-innocenzo-viii,Monumento funebre di Innocenzo VIII,rinascimento-fiorentino,quattrocento-romano,nuova_scuola,"Monumento funebre papale in San Pietro (Antonio Pollaiolo), commissione romana; riuso di 'quattrocento-romano' (batch_08). Datazione (1493-1497) oltre il range originario: si suggerisce estendere year_end al 1497."
monumento-funebre-ladislao-i,Monumento funebre di re Ladislao I,tardogotico,monumenti-funebri-napoletani-carbonara,nuova_scuola,"Monumento funebre di re Ladislao a San Giovanni a Carbonara, Napoli (1414-1430 circa): con l'altro monumento funebre napoletano dello stesso edificio/periodo nel lotto forma un gruppo coerente non coperto da alcuna scuola esistente."
monumento-funebre-ludovico-aldomorisco,Monumento funebre di Ludovico Aldomorisco,tardogotico,monumenti-funebri-napoletani-carbonara,nuova_scuola,"Monumento funebre a San Giovanni a Carbonara, Napoli (1421): appartiene al gruppo dei monumenti funebri napoletani dello stesso edificio individuato nel lotto."
monumento-funebre-margherita-brabante,Elevatio animae (frammento dal monumento funebre di Margherita di Brabante),gotico-italiano,bottega-nicola-pisano,nuova_scuola,"Giovanni Pisano a Genova (1313-1314): ultima opera nota del maestro, ancora riconducibile alla sua bottega."
monumento-funebre-sisto-iv,Monumento funebre di Sisto IV,rinascimento-fiorentino,quattrocento-romano,nuova_scuola,"Monumento funebre in San Pietro, commissione papale romana (Antonio Pollaiolo, scultore fiorentino ma opera eseguita a Roma); riuso della scuola 'quattrocento-romano' (batch_08). La datazione (1484-1493) supera lievemente il range proposto (1455-1482): si suggerisce di estendere year_end almeno al 1493."
monumento-funerario-annibaldi,Monumento funerario di Riccardo Annibaldi,duecento-italiano,bottega-arnolfo-di-cambio,nuova_scuola,Arnolfo di Cambio a Roma (1290 circa): fase romana della sua bottega.
morte-di-mose-signorelli-sistina,Morte di Mosè,quattrocento,quattrocento-romano,nuova_scuola,"Fa parte del ciclo di affreschi della Cappella Sistina (1481-1482), commissione di Sisto IV; riuso della scuola 'quattrocento-romano' proposta nel batch_08 (cantiere pontificio, Roma/Vaticano)."
mosaici-basilica-san-marco-ciclo,Ciclo musivo della basilica di San Marco,arte-bizantina,scuola-marciana-veneziana,nuova_scuola,Ciclo musivo della Basilica di San Marco: appartiene al medesimo gruppo già proposto nel lotto 04 (scuola-marciana-veneziana).
mosaici-santa-maria-in-trastevere-cavallini,Mosaici di Santa Maria in Trastevere (ciclo mariano),duecento-italiano,bottega-pietro-cavallini,nuova_scuola,Pietro Cavallini a Roma (1291-1292): bottega romana di Cavallini.
mosaici-santa-prassede-roma,Decorazione musiva di Santa Prassede,eta-carolingia,mosaici-eta-pasquale-i,nuova_scuola,Mosaico romano voluto da papa Pasquale I (817-826): insieme ad altri due mosaici dello stesso committente/periodo nel lotto forma un gruppo coerente non coperto da scuole esistenti.
mosaico-absidale-santa-maria-domnica,Vergine in trono con il Bambino fra due schiere di angeli e papa Pasquale I,eta-carolingia,mosaici-eta-pasquale-i,nuova_scuola,"Mosaico romano di eta pasqualiana (817-826), stesso gruppo di Santa Prassede e San Zenone."
mosaico-cappella-san-zenone,Cristo in gloria e quattro angeli (decorazione della cappella di San Zenone),eta-carolingia,mosaici-eta-pasquale-i,nuova_scuola,"Mosaico della cappella di San Zenone, stesso gruppo pasqualiano romano."
mose-michelangelo,Mosè,rinascimento-maturo,rinascimento-romano-giulio-leone,nuova_scuola,"Michelangelo, per la tomba di Giulio II, Roma (1513-1545): appartiene al cantiere romano di Giulio II individuato nel lotto. La datazione (fino al 1545) supera ampiamente il range proposto (1505-1520): si suggerisce di estendere year_end almeno al 1545 per coprire il completamento tardo del monumento."
nativita-nicola-pisano,Natività (particolare della decorazione scultorea del pulpito),gotico-italiano,bottega-nicola-pisano,nuova_scuola,Particolare del pulpito di Nicola Pisano a Pisa: appartiene al gruppo di bottega dell'artista.
ninfa-fontainebleau,Ninfa di Fontainebleau,manierismo,scuola-di-fontainebleau,nuova_scuola,"Cellini, opera eseguita in Francia per Francesco I (1542-1543), destinata al castello di Fontainebleau: apre, insieme alla Saliera dello stesso autore/committenza, il gruppo dedicato alla corte francese di Francesco I, non coperto da alcuna scuola esistente."
nove-eroi-nove-eroine-manta,Nove eroi e nove eroine,tardogotico,ciclo-castello-della-manta,nuova_scuola,"Stesso ciclo pittorico del castello della Manta, Saluzzo (post 1420): appartiene al medesimo gruppo individuato nel lotto."
orazione-orto-getsemani-san-marco,Orazione nell'orto del Getsemani (cupola San Marco),arte-bizantina,scuola-marciana-veneziana,nuova_scuola,Mosaico della Basilica di San Marco a Venezia: con altre opere dello stesso monumento forma un gruppo coerente (luogo/committenza) non coperto da alcuna scuola esistente.
pala-di-brera,"Madonna in trono con il Bambino, sei santi, quattro angeli e il duca Federico da Montefeltro (Pala di Brera / Pala Montefeltro/ Pala di Urbino))",quattrocento,corte-montefeltresca-urbino,nuova_scuola,"Pala Montefeltro di Piero della Francesca, commissionata da Federico da Montefeltro per San Bernardino a Urbino (oggi a Brera solo per collocazione museale): appartiene alla corte urbinate."
pala-portonese-madonna-col-bambino-e-santi,Pala Portonese (Madonna col Bambino e santi),,cossa-de-roberti-bologna,nuova_scuola,"Ercole de' Roberti, Pala Portuense, dipinta per la cappella della confraternita portoghese a Bologna (1479-1481; 'Milano' è la sede museale attuale, Pinacoteca di Brera): rientra nel gruppo bolognese di Cossa/de' Roberti individuato nel lotto."
palazzo-ducale-urbino,Palazzo Ducale di Urbino,quattrocento,corte-montefeltresca-urbino,nuova_scuola,"Sede stessa della corte di Federico da Montefeltro a Urbino, opera di Laurana e Francesco di Giorgio Martini: fa parte del gruppo di opere della corte urbinate."
palazzo-pitti-ampliamento,Palazzo Pitti (ampliamento),manierismo,cantieri-medicei-firenze-tardo-500,nuova_scuola,Ammannati per Cosimo I a Palazzo Pitti: cantiere granducale fiorentino del tardo Cinquecento.
palazzo-te,Palazzo Te,manierismo,palazzo-te-mantova,nuova_scuola,"Giulio Romano, Palazzo Te a Mantova: edificio-cardine del nuovo raggruppamento."
palazzo-vecchio-firenze,Palazzo Vecchio (Palazzo dei Priori),gotico-italiano,arnolfo-di-cambio-firenze,nuova_scuola,Arnolfo di Cambio a Firenze (1299-1314): fase fiorentina della bottega.
palazzo-venezia-roma,Palazzo Venezia,quattrocento,quattrocento-romano,nuova_scuola,"Cantiere romano voluto dal cardinale Pietro Barbo (poi Paolo II), parte del filone del Quattrocento romano pontificio non coperto da scuole esistenti."
parnaso-raffaello,Parnaso,rinascimento-maturo,rinascimento-romano-giulio-leone,nuova_scuola,"Raffaello, Stanza della Segnatura, Città del Vaticano (1509-1511): cantiere vaticano di Giulio II."
passaggio-mar-rosso-rosselli-sistina,Passaggio del Mar Rosso,quattrocento,quattrocento-romano,nuova_scuola,"Fa parte del ciclo di affreschi della Cappella Sistina (1481-1482), commissione di Sisto IV; riuso della scuola 'quattrocento-romano' proposta nel batch_08 (cantiere pontificio, Roma/Vaticano)."
perseo-cellini,Perseo,manierismo,corte-cosimo-i-firenze,nuova_scuola,"Cellini, Perseo per Cosimo I, Firenze 1545-1553: rientra nel nuovo raggruppamento della corte di Cosimo I."
perusia-augusta-fontana-maggiore,Perusia Augusta (particolare della decorazione scultorea della Fontana Maggiore),gotico-italiano,bottega-nicola-pisano,nuova_scuola,Particolare della Fontana Maggiore di Nicola e Giovanni Pisano a Perugia: appartiene al gruppo di bottega degli stessi artisti.
pianta-san-pietro-michelangelo,Pianta della basilica di San Pietro (progetto Michelangelo),rinascimento-maturo,fabbrica-san-pietro-cinquecento,nuova_scuola,"Michelangelo, progetto per la basilica di San Pietro in Vaticano, prosecuzione del cantiere avviato da Sangallo."
pianta-san-pietro-raffaello,Pianta della basilica di San Pietro (progetto Raffaello),rinascimento-maturo,rinascimento-romano-giulio-leone,nuova_scuola,"Raffaello, progetto per San Pietro, Città del Vaticano (1514-1516): cantiere vaticano di Leone X."
pianta-san-pietro-sangallo,Pianta della basilica di San Pietro (progetto Antonio da Sangallo il Giovane),rinascimento-maturo,fabbrica-san-pietro-cinquecento,nuova_scuola,"Antonio da Sangallo il Giovane, progetto per la basilica di San Pietro in Vaticano: cantiere unitario condiviso con il progetto di Michelangelo (voce pianta-san-pietro-michelangelo)."
piccola-passione-durer,Piccola Passione,rinascimento-maturo-italia-settentrionale,durer-maturita,nuova_scuola,"Dürer, ciclo di silografie eseguito a Norimberga (1509-1511): corpus maturo di Dürer individuato nel lotto."
pieta-sebastiano-del-piombo-viterbo,Pietà (del Piombo),stile-clementino,rinascimento-romano-giulio-leone,nuova_scuola,"Sebastiano del Piombo, opera del 1516-1517: la corrente 'stile-clementino' copre il 1523-1527 (pontificato di Clemente VII), quindi precedente di alcuni anni a quella fase; l'opera appartiene invece al periodo romano dell'artista sotto Leone X, coerente con il cantiere vaticano di Giulio II/Leone X individuato nel lotto."
polifemo-aci-galatea-palazzo-te,"Polifemo, Aci e Galatea",manierismo,palazzo-te-mantova,nuova_scuola,"Giulio Romano, Palazzo Te a Mantova."
politico-griffoni,Politico Griffoni,quattrocento,cossa-de-roberti-bologna,nuova_scuola,"Francesco del Cossa, polittico principale per la cappella Griffoni in San Petronio a Bologna (1473): opera-cardine del gruppo bolognese individuato nel lotto insieme alla predella e ai pannelli dispersi."
polittico-baroncelli,Polittico Baroncelli,trecento-italiano,bottega-giotto,nuova_scuola,Giotto (bottega) a Firenze (1333-1334): bottega di Giotto.
polittico-della-misericordia,Polittico della Misericordia,quattrocento,bottega-piero-della-francesca-sansepolcro,nuova_scuola,"Piero della Francesca, pala per la Compagnia della Misericordia di Sansepolcro: nessuna scuola esistente copre quest'area."
polittico-di-badia,Polittico di Badia,trecento-italiano,bottega-giotto,nuova_scuola,Giotto a Firenze (1300 ca.): bottega di Giotto.
polittico-stefaneschi,Polittico Stefaneschi,trecento-italiano,bottega-giotto,nuova_scuola,Giotto in Vaticano (1320 ca.): bottega di Giotto.
polittico-valle-romita-gentile,Polittico di Valle Romita,tardogotico,bottega-gentile-da-fabriano,nuova_scuola,Polittico di Gentile da Fabriano (1400-1410; 'Milano' indica la sede attuale a Brera): con le altre opere dello stesso itinerante maestro internazionale nel lotto forma un gruppo di bottega non coperto da alcuna scuola esistente.
porta-degli-orefici-santiago,Porta degli Orefici,romanico,cattedrale-santiago-scuola,nuova_scuola,"Porta degli Orefici della cattedrale di Santiago (entro il 1097), fase precedente a Maestro Matteo ma stesso cantiere: gruppo coerente con l'altra opera della cattedrale nel lotto."
porta-dei-principi-modena,Porta dei Principi,romanico,scuola-di-wiligelmo,nuova_scuola,"Portale del Duomo di Modena, Maestro di San Geminiano: appartiene al gruppo di bottega wiligelmiano."
porta-della-pescheria-modena,Porta della Pescheria,romanico,scuola-di-wiligelmo,nuova_scuola,"Portale del Duomo di Modena, Maestro di Artù: seguace della bottega di Wiligelmo."
porta-miègeville-saint-sernin,Ascensione (decorazione del timpano della Porta Miégeville),romanico,bottega-bernardus-gelduinus-tolosa,nuova_scuola,"Timpano della Porta Miegeville di Saint-Sernin, stesso scultore Bernardus Gelduinus della Collegiata nel lotto."
portale-barisano-trani,Portale bronzeo di Barisano da Trani,romanico,romanico-pugliese,nuova_scuola,Portale bronzeo di Barisano da Trani: gruppo pugliese.
portale-bronzeo-san-zeno,Portale bronzeo,romanico,scuola-di-maestro-niccolo,nuova_scuola,Portale bronzeo di San Zeno a Verona: stesso cantiere di Maestro Niccolò.
portale-della-vergine-parma,Portale della Vergine (particolare della decorazione scultorea del timpano),gotico-italiano,bottega-antelami-parma,nuova_scuola,Opera di Benedetto Antelami a Parma: fa parte del medesimo gruppo di bottega.
portale-maggiore-san-petronio-jacopo,Portale maggiore della basilica di San Petronio,tardogotico,cantiere-san-petronio-bologna,nuova_scuola,Cantiere scultoreo di Jacopo della Quercia per San Petronio a Bologna: nessuna scuola esistente copre la produzione bolognese di questo maestro nel periodo 1425-1438.
portale-saint-lazare-autun,Portale d'ingresso della cattedrale di Saint-Lazare,romanico,bottega-di-gislebertus,nuova_scuola,"Portale firmato Gislebertus, cattedrale di Autun."
portale-san-zeno-verona,Portale d'ingresso della basilica di San Zeno,romanico,scuola-di-maestro-niccolo,nuova_scuola,"Portale d'ingresso di San Zeno, opera di Maestro Niccolò."
predica-san-paolo-ateniesi,Predica di san Paolo agli Ateniesi (Arazzo cappella Sistina),rinascimento-maturo,rinascimento-romano-giulio-leone,nuova_scuola,"Raffaello, cartone per arazzo della Cappella Sistina, disegnato a Roma (1515-1516; 'Londra' e' la sede museale attuale): cantiere vaticano di Leone X."
presentazione-al-tempio-cavallini,Presentazione al Tempio,duecento-italiano,bottega-pietro-cavallini,nuova_scuola,Pietro Cavallini a Roma (1291-1292): bottega romana di Cavallini.
presentazione-al-tempio-predella-gentile,Presentazione al Tempio (predella dell'Adorazione dei Magi),tardogotico,bottega-gentile-da-fabriano,nuova_scuola,Gentile da Fabriano (1423; 'Parigi' indica la sede attuale al Louvre): appartiene al gruppo di bottega dell'artista itinerante individuato nel lotto.
presepe-di-greccio,Il presepe di Greccio,trecento-italiano,bottega-giotto,nuova_scuola,Giotto ad Assisi (1290-1299 ca.): bottega di Giotto.
prigioni-louvre,Prigioni (Schiavo ribelle e Schiavo morente),rinascimento-maturo,rinascimento-romano-giulio-leone,nuova_scuola,"Michelangelo, Prigioni per la tomba di Giulio II (1513-1515 circa; 'Parigi' e' la sede museale attuale, Louvre): cantiere romano di Giulio II."
profeta-giona-sistina,Profeta Giona,rinascimento-maturo,rinascimento-romano-giulio-leone,nuova_scuola,"Michelangelo, Cappella Sistina, Città del Vaticano (1511-1512): cantiere vaticano di Giulio II."
profeti-e-patriarchi-giovannetti,Profeti e Patriarchi (Sala della Grande Udienza),tardogotico,scuola-avignonese-papale,nuova_scuola,Matteo Giovannetti nel palazzo papale di Avignone (1352-1353): appartiene al gruppo della corte papale avignonese individuato nel lotto.
protiro-portale-san-nicola-bari,Protiro e portale maggiore della basilica di San Nicola,romanico,romanico-pugliese,nuova_scuola,"Basilica di San Nicola a Bari, bottega del Maestro di Elia: gruppo pugliese."
prove-di-mose-botticelli-sistina,Prove di Mosè (parete nord),quattrocento,quattrocento-romano,nuova_scuola,"Fa parte del ciclo di affreschi della Cappella Sistina (1481-1482), commissione di Sisto IV; riuso della scuola 'quattrocento-romano' proposta nel batch_08 (cantiere pontificio, Roma/Vaticano)."
pulpito-battistero-pisa,Pulpito del battistero di San Giovanni,gotico-italiano,bottega-nicola-pisano,nuova_scuola,"Pulpito di Nicola Pisano: capostipite di un gruppo di opere della sua bottega (Pisa, Siena, Perugia) non coperto da alcuna scuola esistente."
pulpito-cattedrale-pisa-giovanni-pisano,Pulpito della cattedrale di Santa Maria Assunta di Pisa,gotico-italiano,bottega-nicola-pisano,nuova_scuola,Giovanni Pisano a Pisa (1302-1311): bottega di Nicola/Giovanni Pisano.
pulpito-cattedrale-siena-nicola-pisano,Pulpito della cattedrale di Santa Maria Assunta di Siena,gotico-italiano,bottega-nicola-pisano,nuova_scuola,Pulpito di Nicola Pisano nel Duomo di Siena: appartiene al gruppo di bottega dell'artista.
pulpito-maestro-guglielmo-pisa,Pulpito di Maestro Guglielmo,romanico-italiano,romanico-pisano,nuova_scuola,"Pulpito di Maestro Guglielmo, realizzato per il Duomo di Pisa e poi trasferito a Cagliari nel 1312: appartiene per autore e stile al gruppo pisano."
pulpito-sanandrea-pistoia-giovanni-pisano,Pulpito della chiesa di Sant'Andrea a Pistoia,gotico-italiano,bottega-nicola-pisano,nuova_scuola,Giovanni Pisano a Pistoia (1298-1301): bottega di Nicola/Giovanni Pisano.
punizione-dei-ribelli-botticelli,Punizione dei ribelli,rinascimento-fiorentino,quattrocento-romano,nuova_scuola,"Fa parte del ciclo di affreschi della Cappella Sistina (1481-1482), commissione di Sisto IV; riuso della scuola 'quattrocento-romano' proposta nel batch_08 (cantiere pontificio, Roma/Vaticano). Sebbene Botticelli sia fiorentino, l'opera fu eseguita a Roma su commissione papale, non a Firenze."
putti-decorativi-assisi-cimabue,Putti decorativi (fasce decorative della basilica di San Francesco),duecento-italiano,bottega-cimabue,nuova_scuola,Decorazione di Cimabue nella basilica di Assisi: appartiene al gruppo di bottega dell'artista.
quattro-libri-architettura-palladio,I quattro libri dell'architettura,manierismo,andrea-palladio-veneto,nuova_scuola,Trattato di Andrea Palladio pubblicato a Venezia: stesso gruppo delle opere palladiane del lotto.
ratto-della-sabina-giambologna,Ratto della Sabina,manierismo,cantieri-medicei-firenze-tardo-500,nuova_scuola,Giambologna per i Medici a Firenze: cantiere granducale fiorentino del tardo Cinquecento.
ratto-di-proserpina-durer,Il ratto di Proserpina,rinascimento-maturo-italia-settentrionale,durer-maturita,nuova_scuola,"Dürer, incisione eseguita a Norimberga (1516; 'New York' e' la sede museale attuale): corpus maturo di Dürer individuato nel lotto."
re-salomone-regina-saba-antelami,Re Salomone e la Regina di Saba,gotico-italiano,bottega-antelami-parma,nuova_scuola,Opera di Benedetto Antelami a Parma: appartiene al gruppo di bottega dell'artista.
regina-di-bastoni-tarocchi-bembo,Regina di bastoni dal Mazzo di Tarocchi,tardogotico,corte-viscontea-tardogotica,nuova_scuola,"Bonifacio Bembo, Tarocchi Visconti: stesso ambito cortese lombardo."
registrum-gregorii-gregorio-magno,Registrum Gregorii (pagina con Gregorio Magno ispirato dallo Spirito Santo),arte-ottoniana,scuola-di-treviri-ottoniana,nuova_scuola,"Foglio del Registrum Gregorii, opera del Maestro del Registrum Gregorii attivo a Treviri: con l'altro foglio dello stesso manoscritto nel lotto forma un gruppo di bottega coerente non coperto da scuole esistenti."
registrum-gregorii-imperatore-trono,Registrum Gregorii (pagina con Imperatore in trono che riceve l'omaggio delle Quattro Province),arte-ottoniana,scuola-di-treviri-ottoniana,nuova_scuola,"Secondo foglio dello stesso manoscritto e stesso maestro (Registrum Gregorii, Treviri)."
resurrezione-della-carne-signorelli,Resurrezione della carne,rinascimento-fiorentino,cappella-san-brizio-orvieto,nuova_scuola,"Fa parte del ciclo della Cappella di San Brizio nel Duomo di Orvieto (Luca Signorelli, 1499-1502): nessuna scuola esistente copre Orvieto/Umbria in questo periodo; si propone una nuova scuola dedicata al cantiere."
resurrezione-di-lazzaro-sebastiano,Resurrezione di Lazzaro,stile-clementino,rinascimento-romano-giulio-leone,nuova_scuola,"Sebastiano del Piombo, dipinto a Roma (1517-1519) per il cardinale Giulio de' Medici in competizione con la Trasfigurazione di Raffaello: la corrente 'stile-clementino' copre solo il 1523-1527 (pontificato di Clemente VII), successivo a quest'opera; si corregge collocandola nel cantiere romano di Leone X individuato nel lotto."
rinoceronte-durer,Rinoceronte,rinascimento-maturo-italia-settentrionale,durer-maturita,nuova_scuola,"Dürer, xilografia eseguita a Norimberga (1515; 'New York' e' la sede museale attuale): corpus maturo di Dürer individuato nel lotto."
ritorno-di-gesu-dal-tempio-martini,Ritorno di Gesù dal Tempio (Sacra Famiglia),tardogotico,scuola-avignonese-papale,nuova_scuola,Tavola di Simone Martini dipinta ad Avignone (1342; 'Liverpool' indica la sede museale attuale): appartiene al gruppo della corte papale avignonese individuato nel lotto.
ritratto-abate-malles,Ritratto di un abate benedettino con occhiali (particolare della decorazione della parete orientale),eta-carolingia,pittura-carolingia-retica,nuova_scuola,"Affresco di Malles, stesso ciclo decorativo del gruppo retico carolingio (con Mustair)."
ritratto-baldassarre-castiglione,Ritratto di Baldassarre Castiglione,rinascimento-maturo,rinascimento-romano-giulio-leone,nuova_scuola,"Raffaello, ritratto dipinto a Roma (1514-1515; 'Parigi' e' la sede museale attuale, Louvre), dove Castiglione risiedeva come ambasciatore: cantiere/corte romana di Leone X."
ritratto-bonifacio-viii,Ritratto di Bonifacio VIII,duecento-italiano,arnolfo-di-cambio-firenze,nuova_scuola,Arnolfo di Cambio a Firenze (1295-1305 ca.): fase fiorentina della bottega.
ritratto-carlo-i-dangiu,Carlo I d'Angiò,gotico-italiano,bottega-arnolfo-di-cambio,nuova_scuola,Ritratto scolpito da Arnolfo di Cambio a Roma: appartiene al gruppo di bottega dell'artista.
ritratto-cosimo-i-alabardiere-pontormo,Ritratto di Cosimo I come alabardiere,manierismo,corte-cosimo-i-firenze,nuova_scuola,"Pontormo, ritratto di Cosimo I, Firenze 1537: apre la serie di ritratti/opere della corte granducale di Cosimo I, gruppo non coperto da scuole esistenti."
ritratto-cosimo-i-in-armatura-bronzino,Ritratto di Cosimo I in armatura,manierismo,corte-cosimo-i-firenze,nuova_scuola,"Bronzino, ritratto di Cosimo I: rientra nel nuovo raggruppamento della corte di Cosimo I."
ritratto-di-gentiluomo-a-figura-intera-moroni,Ritratto di gentiluomo a figura intera,rinascimento-maturo-italia-settentrionale,scuola-bresciana,nuova_scuola,"Giovan Battista Moroni, allievo di Moretto da Brescia, ultimo grande esponente della scuola bresciana (gia' proposta nel batch 11); la sua attivita' (1555 ca.) prolunga leggermente l'arco cronologico li' indicato (1521-1550)."
ritratto-di-principessa-pisanello,Ritratto di principessa,tardogotico,pisanello-corti-italiane,nuova_scuola,Disegno/dipinto di Pisanello legato all'ambito cortese del Nord Italia: stesso corpus del pittore veronese.
ritratto-eleonora-di-toledo-bronzino,Ritratto di Eleonora di Toledo con il figlio Giovanni de' Medici,manierismo,corte-cosimo-i-firenze,nuova_scuola,"Bronzino, ritratto di Eleonora di Toledo: rientra nel nuovo raggruppamento della corte di Cosimo I."
ritratto-federico-da-montefeltro-guidobaldo,Ritratto di Federico da Montefeltro e del figlio Guidobaldo,quattrocento,corte-montefeltresca-urbino,nuova_scuola,"Pedro Berruguete attivo a Urbino per lo Studiolo di Federico da Montefeltro, parte del gruppo di opere della corte urbinate."
ritratto-leonello-deste-pisanello,Ritratto di Leonello d'Este,tardogotico,pisanello-corti-italiane,nuova_scuola,"Pisanello, ritratto di Leonello d'Este realizzato per la corte di Ferrara: corpus cortese del maestro veronese."
ritratto-nobile-malles,Ritratto di un nobile con spada (particolare della decorazione della parete orientale),eta-carolingia,pittura-carolingia-retica,nuova_scuola,"Affresco di Malles, stesso ciclo decorativo del gruppo retico carolingio (con Mustair)."
ritratto-papa-giulio-ii,Ritratto di papa Giulio II,rinascimento-maturo,rinascimento-romano-giulio-leone,nuova_scuola,"Raffaello, ritratto dipinto a Roma per il pontefice (1511-1512; 'Londra' e' la sede museale attuale): cantiere/corte di Giulio II."
ritratto-virile-ritratto-dignoto-marinaio,Ritratto virile (Ritratto d'ignoto marinaio),,antonello-da-messina-sicilia,nuova_scuola,"Antonello da Messina, 'Ritratto d'ignoto marinaio', Cefalù/Palermo (1465 circa), periodo siciliano dell'artista precedente al soggiorno veneziano: apre, con la Vergine Annunziata dello stesso lotto, il gruppo dedicato alla produzione siciliana di Antonello, non coperto da alcuna scuola esistente."
sacrestia-nuova,Sacrestia Nuova (con tombe medicee),rinascimento-maturo,cappelle-medicee-michelangelo,nuova_scuola,"Michelangelo, Sagrestia Nuova a Firenze: cantiere unitario delle Cappelle Medicee, non coperto da scuole esistenti."
sacrificio-di-noe,Sacrificio di Noè,rinascimento-maturo,rinascimento-romano-giulio-leone,nuova_scuola,"Michelangelo, volta della Cappella Sistina, Città del Vaticano (1508-1509): cantiere vaticano di Giulio II."
saliera-francesco-i,Saliera di Francesco I,manierismo,scuola-di-fontainebleau,nuova_scuola,"Cellini, Saliera di Francesco I, eseguita in Francia per il re (1540-1543; 'Vienna' è la sede museale attuale): rientra nel gruppo della corte francese di Francesco I individuato nel lotto insieme alla Ninfa di Fontainebleau."
salone-cinquecento-palazzo-vecchio-vasari,Salone dei Cinquecento (decorazione),manierismo,cantieri-medicei-firenze-tardo-500,nuova_scuola,Vasari per Cosimo I a Palazzo Vecchio: cantiere granducale fiorentino del tardo Cinquecento.
san-carlo-appestati,San Carlo visita gli appestati,controriforma,controriforma-milanese-borromea,nuova_scuola,"Cerano, Milano (1602), soggetto legato al culto di san Carlo Borromeo: apre, con la chiesa di San Fedele dello stesso lotto, il gruppo dedicato alla Controriforma milanese in età borromaica, non coperto da alcuna scuola esistente."
san-fedele-tibaldi,Chiesa di San Fedele,controriforma,controriforma-milanese-borromea,nuova_scuola,"Tibaldi, chiesa di San Fedele a Milano (1569-1580), commissione di ambito borromaico: rientra nel gruppo della Controriforma milanese individuato nel lotto."
san-floriano,San Floriano,,cossa-de-roberti-bologna,nuova_scuola,"Pannello disperso del Polittico Griffoni, Bologna (1470-1473; 'Washington D.C.' è la sede museale attuale): rientra nel gruppo bolognese di Cossa/de' Roberti individuato nel lotto."
san-francesco-dona-mantello,San Francesco dona il mantello a un cavaliere povero,trecento-italiano,bottega-giotto,nuova_scuola,Giotto ad Assisi (1290-1299 ca.): bottega di Giotto.
san-francesco-rinuncia-beni,San Francesco rinuncia ai beni paterni,trecento-italiano,bottega-giotto,nuova_scuola,Giotto ad Assisi (1290-1299 ca.): bottega di Giotto.
san-francesco-storie-berlinghieri,San Francesco e storie della sua vita,pittura-romanica-italiana,scuola-lucchese-berlinghieri,nuova_scuola,"Dipinto di Bonaventura Berlinghieri (figlio di Berlinghiero), scuola lucchese: appartiene allo stesso gruppo di bottega familiare."
san-giorgio,San Giorgio,,cossa-de-roberti-bologna,nuova_scuola,"Pannello disperso del Polittico Griffoni, Bologna (1470-1473; 'Venezia' è la sede museale attuale): rientra nel gruppo bolognese di Cossa/de' Roberti."
san-giorgio-principessa-pisanello,San Giorgio e la principessa,tardogotico,pisanello-corti-italiane,nuova_scuola,"Affresco di Pisanello a Sant'Anastasia, Verona: nessuna scuola esistente copre la pittura cortese tardogotica di Pisanello nelle corti del Nord Italia."
san-giovanni-evangelista-pisa-cimabue,San Giovanni Evangelista (mosaico absidale del duomo di Pisa),trecento-italiano,bottega-cimabue,nuova_scuola,"Cimabue a Pisa (1302 ca.), ultima opera nota del maestro: si estende la bottega di Cimabue (gia proposta per Firenze-Arezzo-Assisi) fino a Pisa e al 1302."
san-marco-evangelista-pannello-facciata-nord,San Marco evangelista (pannello della facciata nord),romanico-italiano,scuola-marciana-veneziana,nuova_scuola,Pannello della facciata nord della Basilica di San Marco: appartiene al gruppo di opere della basilica veneziana.
san-matteo-angelo-caravaggio-prima-versione,"San Matteo Evangelista (prima versione, l'Ispirazione di san Matteo)",barocco,cappella-contarelli-san-luigi,nuova_scuola,"Caravaggio, prima versione (distrutta) di San Matteo e l'angelo per la Cappella Contarelli in San Luigi dei Francesi, Roma (1602; 'Berlino' era la sede museale prima della distruzione bellica): apre, con la Vocazione e la statua Cobaert/Ferrucci dello stesso lotto, il gruppo dedicato al cantiere della Cappella Contarelli, non coperto da alcuna scuola esistente."
san-matteo-angelo-cobaert-ferrucci,San Matteo e Angelo (statua),manierismo,cappella-contarelli-san-luigi,nuova_scuola,"Statua marmorea commissionata in origine per l'altare della Cappella Contarelli (poi rifiutata e sostituita dalla tela di Caravaggio), Roma (ante 1587-1620): rientra nel gruppo del cantiere della Cappella Contarelli individuato nel lotto."
san-matteo-e-langelo-savoldo,San Matteo e l'angelo,rinascimento-maturo-italia-settentrionale,scuola-bresciana,nuova_scuola,"Savoldo, pittore bresciano tradizionalmente accostato a Romanino e Moretto nella scuola bresciana, pur con carriera in parte veneziana."
san-michele-arcangelo,San Michele Arcangelo,,cossa-de-roberti-bologna,nuova_scuola,"Pannello disperso del Polittico Griffoni, Bologna (1470-1473; 'Lione' è la sede museale attuale): rientra nel gruppo bolognese di Cossa/de' Roberti."
san-pietro,San Pietro,,cossa-de-roberti-bologna,nuova_scuola,"Pannello disperso del Polittico Griffoni, Bologna (1470-1473; 'Milano' è la sede museale attuale): rientra nel gruppo bolognese di Cossa/de' Roberti."
san-pietronio,San Pietronio,,cossa-de-roberti-bologna,nuova_scuola,"Pannello disperso del Polittico Griffoni raffigurante il patrono di Bologna, San Petronio (1470-1473; 'Ferrara' è la sede museale attuale, Pinacoteca Nazionale): rientra nel gruppo bolognese di Cossa/de' Roberti."
san-sigismondo-e-sigismondo-pandolfo-malatesta,San Sigismondo e Sigismondo Pandolfo Malatesta,quattrocento,corte-malatestiana-riminese,nuova_scuola,"Affresco di Piero della Francesca nel Tempio Malatestiano, commissione diretta di Sigismondo Pandolfo Malatesta a Rimini: corte non coperta da alcuna scuola esistente."
san-vincenzo-ferrer,San Vincenzo Ferrer,,cossa-de-roberti-bologna,nuova_scuola,"Pannello disperso del Polittico Griffoni, Bologna (1470-1473; 'Londra' è la sede museale attuale): rientra nel gruppo bolognese di Cossa/de' Roberti."
san-zeno-benedice-milizie-verona,San Zeno che benedice le milizie veronesi (decorazione della lunetta del portale),romanico,scuola-di-maestro-niccolo,nuova_scuola,"Lunetta del portale di San Zeno, opera di Maestro Niccolò."
sant-agostino-giusto-di-gand,Sant'Agostino,quattrocento-fiammingo,corte-montefeltresca-urbino,nuova_scuola,"Giusto di Gand fu chiamato da Federico da Montefeltro a Urbino per la serie degli Uomini illustri dello Studiolo: opera della corte urbinate, non della bottega fiamminga d'origine (oggi al Louvre solo per collocazione museale)."
santa-apollonia,Santa Apollonia,,cossa-de-roberti-bologna,nuova_scuola,"Pannello disperso del Polittico Griffoni, Bologna (1470-1473; 'Parigi' è la sede museale attuale): rientra nel gruppo bolognese di Cossa/de' Roberti."
santa-caterina,Santa Caterina,,cossa-de-roberti-bologna,nuova_scuola,"Pannello disperso del Polittico Griffoni, Bologna (1470-1473; 'Venezia' è la sede museale attuale): rientra nel gruppo bolognese di Cossa/de' Roberti."
santa-caterina-dalessandria,Santa Caterina d'Alessandria,,cossa-de-roberti-bologna,nuova_scuola,"Pannello disperso del Polittico Griffoni, Bologna (1470-1473; 'Milano' è la sede museale attuale): rientra nel gruppo bolognese di Cossa/de' Roberti."
santa-lucia,Santa Lucia,,cossa-de-roberti-bologna,nuova_scuola,"Pannello disperso del Polittico Griffoni, Bologna (1470-1473; 'Washington D.C.' è la sede museale attuale): rientra nel gruppo bolognese di Cossa/de' Roberti."
santantonio-abate,Sant'Antonio Abate,,cossa-de-roberti-bologna,nuova_scuola,"Pannello disperso del Polittico Griffoni, Bologna (1470-1473; 'Rotterdam' è la sede museale attuale): rientra nel gruppo bolognese di Cossa/de' Roberti."
scala-elicoidale-mercatale,Scala elicoidale del torrione di Mercatale,quattrocento,corte-montefeltresca-urbino,nuova_scuola,"Francesco di Giorgio Martini a Urbino per Federico da Montefeltro, gruppo di opere della corte urbinate."
scene-caccia-cervo-pesca-giovannetti,Scene di caccia al cervo e di pesca (Camera del Cervo),tardogotico,scuola-avignonese-papale,nuova_scuola,Matteo Giovannetti nel palazzo papale di Avignone (1343): appartiene al gruppo della corte papale avignonese insieme alle altre opere del lotto.
schiavo-morente,Schiavo morente,rinascimento-maturo,rinascimento-romano-giulio-leone,nuova_scuola,"Michelangelo, per la tomba di Giulio II (1513-1515 circa; 'Parigi' e' la sede museale attuale): cantiere romano di Giulio II."
schiavo-ribelle,Schiavo ribelle,rinascimento-maturo,rinascimento-romano-giulio-leone,nuova_scuola,"Michelangelo, per la tomba di Giulio II (1513-1515 circa; 'Parigi' e' la sede museale attuale): cantiere romano di Giulio II."
sculture-saint-lazare-autun-gislebertus,Sculture di Saint-Lazare ad Autun (complesso decorativo),romanico,bottega-di-gislebertus,nuova_scuola,"Complesso decorativo firmato Gislebertus, cattedrale di Autun."
scuola-di-atene,Scuola di Atene,rinascimento-maturo,rinascimento-romano-giulio-leone,nuova_scuola,"Raffaello, Stanza della Segnatura, Città del Vaticano (1509-1511): cantiere vaticano di Giulio II."
sepoltura-conte-orgaz,La sepoltura del conte di Orgaz,controriforma,el-greco-toledo,nuova_scuola,"El Greco, Sant. Tomé, Toledo (1586-1588): apre, con la Trinità dello stesso lotto, il gruppo dedicato al periodo toledano dell'artista, non coperto da alcuna scuola esistente (Controriforma copre solo il livello di corrente generica)."
sibilla-libica,Sibilla libica,rinascimento-maturo,rinascimento-romano-giulio-leone,nuova_scuola,"Michelangelo, Cappella Sistina, Città del Vaticano (1511-1512): cantiere vaticano di Giulio II."
sposalizio-mistico-santa-caterina-michelino,Sposalizio mistico di santa Caterina,tardogotico,bottega-michelino-da-besozzo,nuova_scuola,"Michelino da Besozzo, opera senese (1420 circa) dello stesso maestro lombardo itinerante: appartiene al gruppo di bottega individuato nel lotto."
stanza-della-segnatura,Stanza della Segnatura,rinascimento-maturo,rinascimento-romano-giulio-leone,nuova_scuola,"Raffaello, Città del Vaticano (1508-1511): cantiere vaticano di Giulio II."
stanza-di-eliodoro,Stanza di Eliodoro,rinascimento-maturo,rinascimento-romano-giulio-leone,nuova_scuola,"Raffaello, Città del Vaticano (1511-1514): cantiere vaticano di Giulio II."
stanza-incendio-di-borgo,Stanza dell'Incendio di Borgo (ciclo),rinascimento-maturo,rinascimento-romano-giulio-leone,nuova_scuola,"Raffaello, Città del Vaticano (1514-1517): cantiere vaticano di Leone X."
stanze-vaticane,Decorazione delle Stanze Vaticane,rinascimento-maturo,rinascimento-romano-giulio-leone,nuova_scuola,"Raffaello, ciclo delle Stanze Vaticane, Città del Vaticano (1508-1517): cantiere vaticano di Giulio II e Leone X."
storie-di-isacco-assisi,Storie di Isacco (Isacco benedice Giacobbe; Esaù respinto da Isacco),trecento-italiano,bottega-giotto,nuova_scuola,Giotto ad Assisi (1291-1295 ca.): bottega di Giotto.
storie-di-san-francesco-assisi,Storie di san Francesco,trecento-italiano,bottega-giotto,nuova_scuola,Giotto ad Assisi (1290-1299 ca.): bottega di Giotto.
storie-genesi-cupoletta-san-marco,"Storie della Genesi (cupoletta della Genesi, atrio di San Marco)",arte-bizantina,scuola-marciana-veneziana,nuova_scuola,Mosaico della cupoletta della Genesi in San Marco: appartiene al gruppo di opere della basilica veneziana.
storie-regina-teodolinda-zavattari,Storie della regina Teodolinda,tardogotico,corte-viscontea-tardogotica,nuova_scuola,"Famiglia Zavattari, Duomo di Monza, commissione della corte viscontea: nessuna scuola esistente copre l'arte tardogotica lombarda di corte prima del periodo sforzesco (1450+)."
storie-santa-caterina-masolino,Storie di santa Caterina (cappella Branda Castiglioni),tardogotico,corte-cardinale-branda-castiglioni,nuova_scuola,"Ciclo di Masolino a San Clemente, Roma, commissionato dal cardinale Branda Castiglioni: corte/patronato non coperto da alcuna scuola esistente."
strage-degli-innocenti-giovanni-pistoia,Strage degli Innocenti (particolare del pulpito di Pisa),gotico-italiano,bottega-nicola-pisano,nuova_scuola,"Giovanni Pisano, particolare del pulpito di Pisa (1302-1311): bottega di Nicola/Giovanni Pisano."
studiolo-federico-da-montefeltro,Studiolo di Federico da Montefeltro,quattrocento,corte-montefeltresca-urbino,nuova_scuola,"Studiolo dello stesso Federico da Montefeltro a Urbino, opera emblematica della corte urbinate."
studiolo-francesco-i-vasari-borghini,Studiolo di Francesco I,manierismo,cantieri-medicei-firenze-tardo-500,nuova_scuola,Vasari e Borghini per Francesco I de' Medici a Palazzo Vecchio: cantiere granducale fiorentino del tardo Cinquecento.
supplizio-di-aman,Il supplizio di Aman,rinascimento-maturo,rinascimento-romano-giulio-leone,nuova_scuola,"Michelangelo, Cappella Sistina, Città del Vaticano (1512): cantiere vaticano di Giulio II."
teatro-olimpico-vicenza-palladio-scamozzi,Teatro Olimpico di Vicenza,manierismo,andrea-palladio-veneto,nuova_scuola,Palladio e Scamozzi a Vicenza (completamento postumo): stesso gruppo delle opere palladiane del lotto.
tempio-malatestiano,Tempio Malatestiano,quattrocento,corte-malatestiana-riminese,nuova_scuola,"Cantiere albertiano commissionato da Sigismondo Pandolfo Malatesta a Rimini, stessa corte del Piero della Francesca riminese nel lotto."
tentazione-di-adamo-ed-eva-jacopo,La Tentazione di Adamo ed Eva (formella del portale di San Petronio),tardogotico,cantiere-san-petronio-bologna,nuova_scuola,"Formella del portale di San Petronio, stesso cantiere bolognese di Jacopo della Quercia."
tentazioni-di-cristo-botticelli-sistina,Tentazioni di Cristo (parete sud),quattrocento,quattrocento-romano,nuova_scuola,"Fa parte del ciclo di affreschi della Cappella Sistina (1481-1482), commissione di Sisto IV; riuso della scuola 'quattrocento-romano' proposta nel batch_08 (cantiere pontificio, Roma/Vaticano)."
teoria-sante-martiri-santa-maria-valle,Teoria di sante e martiri (decorazione della controfacciata),eta-longobarda,longobardi-cividale-friuli,nuova_scuola,"Nucleo di opere (Altare di Ratchis e Tempietto longobardo di Santa Maria in Valle) unite da uno stesso luogo e una stessa corte, il ducato longobardo di Cividale del Friuli sotto Ratchis (734-756 ca.), non coperto da alcuna scuola esistente sotto Eta longobarda."
tomba-giuliano-nemours,Tomba di Giuliano de' Medici duca di Nemours,rinascimento-maturo,cappelle-medicee-michelangelo,nuova_scuola,"Michelangelo, Sagrestia Nuova, Firenze."
tomba-giulio-ii,Tomba di papa Giulio II,rinascimento-maturo,rinascimento-romano-giulio-leone,nuova_scuola,"Michelangelo, Roma (1513-1545): stesso cantiere del Mose' e degli Schiavi. Datazione oltre il range proposto: si suggerisce di estendere year_end almeno al 1545."
tomba-lorenzo-urbino,Tomba di Lorenzo de' Medici duca di Urbino,rinascimento-maturo,cappelle-medicee-michelangelo,nuova_scuola,"Michelangelo, tomba nella Sagrestia Nuova (Cappelle Medicee) a Firenze."
torneo-battaglia-louverzep-pisanello,Torneo-battaglia di Louverzep (ciclo arturiano di Mantova),tardogotico,pisanello-corti-italiane,nuova_scuola,"Pisanello, ciclo arturiano per i Gonzaga a Mantova: corte italiana del corpus cortese del maestro veronese."
torre-campanaria-pisa,Torre campanaria di Pisa (Torre di Pisa),romanico-italiano,romanico-pisano,nuova_scuola,"Torre di Pisa, complesso di Piazza dei Miracoli: gruppo pisano coerente con le altre opere del lotto."
transenna-marmorea-sistina,Transenna marmorea della cappella Sistina,quattrocento,quattrocento-romano,nuova_scuola,"Fa parte del ciclo di affreschi della Cappella Sistina (1481-1482), commissione di Sisto IV; riuso della scuola 'quattrocento-romano' proposta nel batch_08 (cantiere pontificio, Roma/Vaticano)."
trasfigurazione-raffaello,Trasfigurazione,rinascimento-maturo,rinascimento-romano-giulio-leone,nuova_scuola,"Raffaello, ultima opera, Città del Vaticano (1516-1520): cantiere vaticano di Leone X."
tre-marie-antelami,Tre Marie (particolare della Deposizione di Cristo dalla croce),gotico-italiano,bottega-antelami-parma,nuova_scuola,Dettaglio della Deposizione di Antelami a Parma: appartiene al medesimo gruppo di bottega.
tribuna-uffizi-buontalenti,Tribuna degli Uffizi,manierismo,cantieri-medicei-firenze-tardo-500,nuova_scuola,Buontalenti per Francesco I de' Medici agli Uffizi: cantiere granducale fiorentino del tardo Cinquecento.
trinita-el-greco,Trinità,controriforma,el-greco-toledo,nuova_scuola,"El Greco, dipinta per Santo Domingo el Antiguo a Toledo (1577-1579; 'Madrid' è la sede museale attuale, Prado): rientra nel gruppo del periodo toledano dell'artista individuato nel lotto."
trionfo-di-galatea,Trionfo di Galatea,rinascimento-maturo,rinascimento-romano-giulio-leone,nuova_scuola,"Raffaello, Villa Farnesina, Roma (1512), per il banchiere Agostino Chigi: cantiere/ambito romano di Giulio II."
ultima-cena-rosselli-sistina,Ultima Cena (cappella Sistina),quattrocento,quattrocento-romano,nuova_scuola,"Fa parte del ciclo di affreschi della Cappella Sistina (1481-1482), commissione di Sisto IV; riuso della scuola 'quattrocento-romano' proposta nel batch_08 (cantiere pontificio, Roma/Vaticano)."
veduta-di-citta-brescia-gentile,Veduta di città (frammento),tardogotico,bottega-gentile-da-fabriano,nuova_scuola,Gentile da Fabriano a Brescia (1414-1419): appartiene al gruppo di bottega dell'artista itinerante individuato nel lotto.
vergine-annunziata,Vergine Annunziata (annunciazione),,antonello-da-messina-sicilia,nuova_scuola,"Antonello da Messina, Vergine Annunziata, Palermo (1475-1476), attribuita dalla critica prevalente al periodo siciliano dell'artista: rientra nel gruppo 'Antonello da Messina in Sicilia' individuato nel lotto."
vetrate-abside-saint-denis,Vetrate dell'abside della chiesa abbaziale di Saint-Denis,gotico-francese,cantiere-di-saint-denis,nuova_scuola,Vetrate del cantiere di Saint-Denis promosso da Suger.
viaggio-di-mose-perugino-sistina,Viaggio di Mosè verso l'Egitto,quattrocento,quattrocento-romano,nuova_scuola,"Fa parte del ciclo di affreschi della Cappella Sistina (1481-1482), commissione di Sisto IV; riuso della scuola 'quattrocento-romano' proposta nel batch_08 (cantiere pontificio, Roma/Vaticano)."
villa-almerico-capra-rotonda-palladio,Villa Almerico Capra (detta La Rotonda),manierismo,andrea-palladio-veneto,nuova_scuola,"Andrea Palladio, villa vicentina; stesso gruppo delle altre opere palladiane del lotto."
villa-barbaro-maser-palladio,Villa Barbaro a Maser,manierismo,andrea-palladio-veneto,nuova_scuola,"Andrea Palladio, ville venete: gruppo coerente con le altre opere palladiane del lotto (Veneto, 1550-1620 ca.), non coperto da alcuna scuola esistente."
villa-emo-palladio,Villa Emo,manierismo,andrea-palladio-veneto,nuova_scuola,"Andrea Palladio, villa veneta; stesso gruppo delle altre opere palladiane del lotto."
villa-este-tivoli-ligorio,Villa d'Este a Tivoli,manierismo,pirro-ligorio-giardini-laziali,nuova_scuola,"Pirro Ligorio, Villa d'Este a Tivoli: stesso gruppo di Bomarzo."
villa-foscari-malcontenta-palladio,Villa Foscari detta La Malcontenta,manierismo,andrea-palladio-veneto,nuova_scuola,"Andrea Palladio, villa veneta; stesso gruppo delle altre opere palladiane del lotto."
villa-madama,Villa Madama,rinascimento-maturo,rinascimento-romano-giulio-leone,nuova_scuola,"Raffaello, Roma, per il cardinale Giulio de' Medici (dal 1517-1518): cantiere romano di Leone X. La datazione di completamento (1534) supera il range proposto: si suggerisce di estendere year_end almeno al 1534 per coprire il proseguimento del cantiere dopo la morte di Raffaello."
villa-pratolino-buontalenti,Villa di Pratolino,manierismo,cantieri-medicei-firenze-tardo-500,nuova_scuola,Buontalenti per i Medici a Pratolino: cantiere granducale fiorentino del tardo Cinquecento.
visione-di-san-giovanni-evangelista-correggio,Visione di san Giovanni Evangelista a Patmos,rinascimento-maturo-italia-settentrionale,scuola-di-parma,nuova_scuola,"Correggio, cupola di San Giovanni Evangelista a Parma: rientra nella nuova scuola di Parma."
visione-di-sant-eustachio-pisanello,Visione di sant'Eustachio,tardogotico,pisanello-corti-italiane,nuova_scuola,"Pisanello, pittura cortese tardogotica: stesso corpus del maestro veronese."
vita-eccellenti-pittori-vasari,"Vite de' piu eccellenti architetti, pittori et scultori italiani (Le Vite)",manierismo,cantieri-medicei-firenze-tardo-500,nuova_scuola,Opera storiografica di Vasari scritta e pubblicata a Firenze nel contesto della stessa temperie medicea del tardo Cinquecento degli altri cantieri vasariani del lotto.
vocazione-primi-apostoli-ghirlandaio-sistina,Vocazione dei primi apostoli,quattrocento,quattrocento-romano,nuova_scuola,"Fa parte del ciclo di affreschi della Cappella Sistina (1481-1482), commissione di Sisto IV; riuso della scuola 'quattrocento-romano' proposta nel batch_08 (cantiere pontificio, Roma/Vaticano)."
vocazione-san-matteo-caravaggio,Vocazione di San Matteo,barocco,cappella-contarelli-san-luigi,nuova_scuola,"Caravaggio, Cappella Contarelli in San Luigi dei Francesi, Roma (1599-1600): rientra nel gruppo del cantiere della Cappella Contarelli individuato nel lotto."
volta-camera-della-badessa-correggio,Volta della camera della badessa,rinascimento-maturo-italia-settentrionale,scuola-di-parma,nuova_scuola,"Correggio, Camera di San Paolo a Parma: nucleo fondante della sua attivita' parmense, non coperto da alcuna scuola esistente (l'attuale collocazione e' il generico Rinascimento maturo Italia settentrionale)."
volta-cappella-sistina,Volta della cappella Sistina,rinascimento-maturo,rinascimento-romano-giulio-leone,nuova_scuola,"Michelangelo, Cappella Sistina, Città del Vaticano (1508-1512): cantiere vaticano di Giulio II."
volta-deesis-assisi-torriti,"Volta della Déesis (Assisi, terza campata)",duecento-italiano,bottega-jacopo-torriti,nuova_scuola,Jacopo Torriti ad Assisi (1288-1292): bottega di Torriti (Assisi-Roma).
volta-sala-diana-atteone-parmigianino,Storie di Diana e Atteone (volta della Sala di Diana e Atteone),manierismo,scuola-di-parma,nuova_scuola,"Parmigianino, Rocca Sanvitale di Fontanellato (pochi km da Parma), 1523-1524: attivita' del periodo parmense, confluisce nella nuova scuola di Parma."
volta-stanza-della-segnatura,Soffitto e volta della Stanza della Segnatura,rinascimento-maturo,rinascimento-romano-giulio-leone,nuova_scuola,"Raffaello, volta della Stanza della Segnatura, Città del Vaticano (1508): riuso della scuola 'rinascimento-romano-giulio-leone' proposta nel batch_10 per il cantiere vaticano di Giulio II e Leone X, che già include le pareti della stessa stanza."
